year,SSP1-2.6,SSP5-8.5,,,,,total,total
1750,0.298,0.298,,,,,0.29756832829343,0.29756832829343
1751,0.286,0.286,,,,,0.286266210509893,0.286266210509893
1752,0.261,0.261,,,,,0.26143723156581,0.26143723156581
1753,0.224,0.224,,,,,0.22423577922106,0.22423577922106
1754,0.184,0.184,,,,,0.184177951263024,0.184177951263024
1755,0.14,0.14,,,,,0.139594933196907,0.139594933196907
1756,-0.114,-0.114,,,,,-0.114236470408888,-0.114236470408888
1757,0.042,0.042,,,,,0.042486723726142,0.042486723726142
1758,0.186,0.186,,,,,0.18615277991695,0.18615277991695
1759,0.268,0.268,,,,,0.268224658548362,0.268224658548362
1760,0.3,0.3,,,,,0.300466537080801,0.300466537080801
1761,0.303,0.303,,,,,0.303081321076319,0.303081321076319
1762,-0.719,-0.719,,,,,-0.718953663205658,-0.718953663205658
1763,-0.439,-0.439,,,,,-0.439127442426087,-0.439127442426087
1764,-0.017,-0.017,,,,,-0.016708125052888,-0.016708125052888
1765,0.106,0.106,,,,,0.106302416652438,0.106302416652438
1766,-0.219,-0.219,,,,,-0.219144941084392,-0.219144941084392
1767,-0.262,-0.262,,,,,-0.261866534123459,-0.261866534123459
1768,0.072,0.072,,,,,0.072076046881692,0.072076046881692
1769,0.26,0.26,,,,,0.260264888082283,0.260264888082283
1770,0.187,0.187,,,,,0.186941016601666,0.186941016601666
1771,0.249,0.249,,,,,0.248894134166424,0.248894134166424
1772,0.301,0.301,,,,,0.301363603348031,0.301363603348031
1773,0.291,0.291,,,,,0.29112144561803,0.29112144561803
1774,0.248,0.248,,,,,0.247996759600568,0.247996759600568
1775,0.224,0.224,,,,,0.223745172915525,0.223745172915525
1776,0.209,0.209,,,,,0.209034517481103,0.209034517481103
1777,0.211,0.211,,,,,0.210629852161059,0.210629852161059
1778,0.253,0.253,,,,,0.253285399358598,0.253285399358598
1779,0.332,0.332,,,,,0.331593446657186,0.331593446657186
1780,0.369,0.369,,,,,0.368696473522689,0.368696473522689
1781,0.375,0.375,,,,,0.375199189291663,0.375199189291663
1782,0.354,0.354,,,,,0.354045072667146,0.354045072667146
1783,-1.671,-1.671,,,,,-1.67091745641655,-1.67091745641655
1784,-3.793,-3.793,,,,,-3.79329036441763,-3.79329036441763
1785,-1.433,-1.433,,,,,-1.4332107360094,-1.4332107360094
1786,-0.517,-0.517,,,,,-0.516540805435524,-0.516540805435524
1787,-0.071,-0.071,,,,,-0.070764554972316,-0.070764554972316
1788,0.193,0.193,,,,,0.193440150457736,0.193440150457736
1789,0.353,0.353,,,,,0.353091321750534,0.353091321750534
1790,0.406,0.406,,,,,0.40563368542043,0.40563368542043
1791,0.41,0.41,,,,,0.409865706505716,0.409865706505716
1792,0.4,0.4,,,,,0.399964350078653,0.399964350078653
1793,0.371,0.371,,,,,0.371122257786018,0.371122257786018
1794,0.324,0.324,,,,,0.324059356816519,0.324059356816519
1795,0.295,0.295,,,,,0.294536587536076,0.294536587536076
1796,0.122,0.122,,,,,0.122499877242158,0.122499877242158
1797,-0.015,-0.015,,,,,-0.015195353034652,-0.015195353034652
1798,0.082,0.082,,,,,0.082434559229507,0.082434559229507
1799,0.18,0.18,,,,,0.179981068108658,0.179981068108658
1800,0.229,0.229,,,,,0.22902586814922,0.22902586814922
1801,0.277,0.277,,,,,0.276506937850886,0.276506937850886
1802,0.309,0.309,,,,,0.308997725479244,0.308997725479244
1803,0.334,0.334,,,,,0.334230810772674,0.334230810772674
1804,0.343,0.343,,,,,0.343196404147288,0.343196404147288
1805,0.328,0.328,,,,,0.327745220273422,0.327745220273422
1806,0.319,0.319,,,,,0.318735026109401,0.318735026109401
1807,0.297,0.297,,,,,0.297465324230119,0.297465324230119
1808,0.267,0.267,,,,,0.266834858235871,0.266834858235871
1809,-3.692,-3.692,,,,,-3.69197371162075,-3.69197371162075
1810,-2.536,-2.536,,,,,-2.53610914380461,-2.53610914380461
1811,-0.753,-0.753,,,,,-0.752938832552258,-0.752938832552258
1812,-0.081,-0.081,,,,,-0.081102028304824,-0.081102028304824
1813,0.158,0.158,,,,,0.158023488169614,0.158023488169614
1814,0.244,0.244,,,,,0.243612732647097,0.243612732647097
1815,-3.612,-3.612,,,,,-3.61155369412795,-3.61155369412795
1816,-4.694,-4.694,,,,,-4.69408423892097,-4.69408423892097
1817,-1.57,-1.57,,,,,-1.57045284110811,-1.57045284110811
1818,-0.333,-0.333,,,,,-0.33309003950265,-0.33309003950265
1819,0.087,0.087,,,,,0.086913974948044,0.086913974948044
1820,0.21,0.21,,,,,0.209563251604527,0.209563251604527
1821,0.131,0.131,,,,,0.131312582934945,0.131312582934945
1822,0.127,0.127,,,,,0.127342222490011,0.127342222490011
1823,-0.241,-0.241,,,,,-0.241133817017888,-0.241133817017888
1824,0.042,0.042,,,,,0.041877156154016,0.041877156154016
1825,0.222,0.222,,,,,0.22197252988314,0.22197252988314
1826,0.317,0.317,,,,,0.316698363114002,0.316698363114002
1827,0.358,0.358,,,,,0.358122246605193,0.358122246605193
1828,0.361,0.361,,,,,0.361090238282733,0.361090238282733
1829,0.361,0.361,,,,,0.360628708075089,0.360628708075089
1830,0.339,0.339,,,,,0.339260805370805,0.339260805370805
1831,-2.377,-2.377,,,,,-2.37701160970229,-2.37701160970229
1832,-1.569,-1.569,,,,,-1.56888051312843,-1.56888051312843
1833,-0.387,-0.387,,,,,-0.386502346490063,-0.386502346490063
1834,0.051,0.051,,,,,0.050936123097548,0.050936123097548
1835,-1.735,-1.735,,,,,-1.73468938712666,-1.73468938712666
1836,-1.015,-1.015,,,,,-1.01534907321983,-1.01534907321983
1837,-0.078,-0.078,,,,,-0.07786390815908,-0.07786390815908
1838,0.261,0.261,,,,,0.260570932909818,0.260570932909818
1839,0.363,0.363,,,,,0.36265497357204,0.36265497357204
1840,0.377,0.377,,,,,0.377060687752876,0.377060687752876
1841,0.356,0.356,,,,,0.356246832106129,0.356246832106129
1842,0.328,0.328,,,,,0.328233462468465,0.328233462468465
1843,0.307,0.307,,,,,0.307153716576488,0.307153716576488
1844,0.292,0.292,,,,,0.291595805244126,0.291595805244126
1845,0.282,0.282,,,,,0.282012171580596,0.282012171580596
1846,0.098,0.098,,,,,0.098096691949414,0.098096691949414
1847,0.167,0.167,,,,,0.166828299964033,0.166828299964033
1848,0.26,0.26,,,,,0.259626745044065,0.259626745044065
1849,0.31,0.31,,,,,0.309506444783968,0.309506444783968
1850,0.331,0.331,,,,,0.330573173486921,0.330573173486921
1851,0.341,0.341,,,,,0.340821685649772,0.340821685649772
1852,0.341,0.341,,,,,0.341398901841913,0.341398901841913
1853,0.15,0.15,,,,,0.150341871694166,0.150341871694166
1854,0.09,0.09,,,,,0.090064023744286,0.090064023744286
1855,0.233,0.233,,,,,0.232693211158731,0.232693211158731
1856,0.242,0.242,,,,,0.241974741275506,0.241974741275506
1857,0.061,0.061,,,,,0.061075628254854,0.061075628254854
1858,0.224,0.224,,,,,0.224181980016586,0.224181980016586
1859,0.316,0.316,,,,,0.315953089881431,0.315953089881431
1860,0.353,0.353,,,,,0.353000828060412,0.353000828060412
1861,0.278,0.278,,,,,0.277788992409557,0.277788992409557
1862,-0.538,-0.538,,,,,-0.537983130831677,-0.537983130831677
1863,-0.13,-0.13,,,,,-0.130356436159427,-0.130356436159427
1864,0.196,0.196,,,,,0.196266661396181,0.196266661396181
1865,0.299,0.299,,,,,0.299371603632662,0.299371603632662
1866,0.341,0.341,,,,,0.340887321515749,0.340887321515749
1867,0.343,0.343,,,,,0.342884573018746,0.342884573018746
1868,0.351,0.351,,,,,0.350764377710576,0.350764377710576
1869,0.378,0.378,,,,,0.377857932353126,0.377857932353126
1870,0.375,0.375,,,,,0.375190955562687,0.375190955562687
1871,0.395,0.395,,,,,0.394513965885742,0.394513965885742
1872,0.387,0.387,,,,,0.387405381701872,0.387405381701872
1873,0.127,0.127,,,,,0.127455086744586,0.127455086744586
1874,0.269,0.269,,,,,0.268984909398822,0.268984909398822
1875,0.279,0.279,,,,,0.279353381270153,0.279353381270153
1876,0.282,0.282,,,,,0.281683800381646,0.281683800381646
1877,0.322,0.322,,,,,0.322359499045028,0.322359499045028
1878,0.335,0.335,,,,,0.335290099286013,0.335290099286013
1879,0.333,0.333,,,,,0.332550128824511,0.332550128824511
1880,0.295,0.295,,,,,0.295453771007912,0.295453771007912
1881,0.317,0.317,,,,,0.317241293493722,0.317241293493722
1882,0.367,0.367,,,,,0.366982527654241,0.366982527654241
1883,-0.343,-0.343,,,,,-0.342921695205167,-0.342921695205167
1884,-1.766,-1.766,,,,,-1.76623178075425,-1.76623178075425
1885,-0.495,-0.495,,,,,-0.495433575556382,-0.495433575556382
1886,0.058,0.058,,,,,0.058477565622418,0.058477565622418
1887,0.129,0.129,,,,,0.128797743307213,0.128797743307213
1888,0.283,0.283,,,,,0.283444289318954,0.283444289318954
1889,0.35,0.35,,,,,0.350247294294797,0.350247294294797
1890,0.163,0.163,,,,,0.163258548595196,0.163258548595196
1891,0.057,0.057,,,,,0.057205067403185,0.057205067403185
1892,0.287,0.287,,,,,0.286505096628909,0.286505096628909
1893,0.44,0.44,,,,,0.439932747585831,0.439932747585831
1894,0.45,0.45,,,,,0.449882257363621,0.449882257363621
1895,0.435,0.435,,,,,0.435054180739088,0.435054180739088
1896,0.414,0.414,,,,,0.413653805977252,0.413653805977252
1897,0.387,0.387,,,,,0.387295559607382,0.387295559607382
1898,0.376,0.376,,,,,0.376296350584558,0.376296350584558
1899,0.347,0.347,,,,,0.347274454877185,0.347274454877185
1900,0.339,0.339,,,,,0.339334662223399,0.339334662223399
1901,0.332,0.332,,,,,0.331694252287587,0.331694252287587
1902,0.099,0.099,,,,,0.099169155715771,0.099169155715771
1903,-0.6,-0.6,,,,,-0.599713484742594,-0.599713484742594
1904,-0.122,-0.122,,,,,-0.121548837806503,-0.121548837806503
1905,0.219,0.219,,,,,0.218511248646372,0.218511248646372
1906,0.341,0.341,,,,,0.340981015029536,0.340981015029536
1907,0.133,0.133,,,,,0.13329726180818,0.13329726180818
1908,0.278,0.278,,,,,0.278007287973524,0.278007287973524
1909,0.326,0.326,,,,,0.325796473005325,0.325796473005325
1910,0.298,0.298,,,,,0.297694911656168,0.297694911656168
1911,0.301,0.301,,,,,0.300784491284828,0.300784491284828
1912,-0.284,-0.284,,,,,-0.283521906559721,-0.283521906559721
1913,-0.2,-0.2,,,,,-0.199670062786848,-0.199670062786848
1914,0.154,0.154,,,,,0.153958609593459,0.153958609593459
1915,0.382,0.382,,,,,0.382038487200863,0.382038487200863
1916,0.422,0.422,,,,,0.421617774911794,0.421617774911794
1917,0.434,0.434,,,,,0.434293350798798,0.434293350798798
1918,0.449,0.449,,,,,0.449111939479283,0.449111939479283
1919,0.489,0.489,,,,,0.488735541160009,0.488735541160009
1920,0.43,0.43,,,,,0.429874157224281,0.429874157224281
1921,0.494,0.494,,,,,0.493895451236013,0.493895451236013
1922,0.341,0.341,,,,,0.340817383086549,0.340817383086549
1923,0.36,0.36,,,,,0.359556786228573,0.359556786228573
1924,0.465,0.465,,,,,0.465389724384107,0.465389724384107
1925,0.489,0.489,,,,,0.489350355682275,0.489350355682275
1926,0.506,0.506,,,,,0.506467455056761,0.506467455056761
1927,0.507,0.507,,,,,0.506875366308973,0.506875366308973
1928,0.453,0.453,,,,,0.452696746600377,0.452696746600377
1929,0.225,0.225,,,,,0.224766680644475,0.224766680644475
1930,0.478,0.478,,,,,0.477797214346462,0.477797214346462
1931,0.535,0.535,,,,,0.534851090487314,0.534851090487314
1932,0.379,0.379,,,,,0.37943754223044,0.37943754223044
1933,0.511,0.511,,,,,0.510727918598949,0.510727918598949
1934,0.518,0.518,,,,,0.51799847308973,0.51799847308973
1935,0.528,0.528,,,,,0.528004936238453,0.528004936238453
1936,0.562,0.562,,,,,0.561884802635581,0.561884802635581
1937,0.554,0.554,,,,,0.554261753182864,0.554261753182864
1938,0.602,0.602,,,,,0.60173020730031,0.60173020730031
1939,0.57,0.57,,,,,0.57032141391451,0.57032141391451
1940,0.521,0.521,,,,,0.520841138337772,0.520841138337772
1941,0.502,0.502,,,,,0.501564329360191,0.501564329360191
1942,0.475,0.475,,,,,0.475286256026022,0.475286256026022
1943,0.465,0.465,,,,,0.464872712466813,0.464872712466813
1944,0.488,0.488,,,,,0.487595560302761,0.487595560302761
1945,0.604,0.604,,,,,0.604181381486513,0.604181381486513
1946,0.641,0.641,,,,,0.640887058322145,0.640887058322145
1947,0.641,0.641,,,,,0.640581886439904,0.640581886439904
1948,0.63,0.63,,,,,0.630054711959746,0.630054711959746
1949,0.665,0.665,,,,,0.665480598379133,0.665480598379133
1950,0.588,0.588,,,,,0.587848310529736,0.587848310529736
1951,0.552,0.552,,,,,0.552024615629804,0.552024615629804
1952,0.538,0.538,,,,,0.538355436923028,0.538355436923028
1953,0.52,0.52,,,,,0.520261174132122,0.520261174132122
1954,0.526,0.526,,,,,0.525887364453035,0.525887364453035
1955,0.521,0.521,,,,,0.520844444515006,0.520844444515006
1956,0.541,0.541,,,,,0.541069873174516,0.541069873174516
1957,0.575,0.575,,,,,0.574587491392714,0.574587491392714
1958,0.614,0.614,,,,,0.613839973826166,0.613839973826166
1959,0.576,0.576,,,,,0.57602812446895,0.57602812446895
1960,0.537,0.537,,,,,0.536675799725466,0.536675799725466
1961,0.464,0.464,,,,,0.463667642558856,0.463667642558856
1962,0.264,0.264,,,,,0.264327856647978,0.264327856647978
1963,-0.669,-0.669,,,,,-0.668736887612652,-0.668736887612652
1964,-0.396,-0.396,,,,,-0.396074819002629,-0.396074819002629
1965,-0.077,-0.077,,,,,-0.076894153352949,-0.076894153352949
1966,0.416,0.416,,,,,0.415946173122403,0.415946173122403
1967,0.19,0.19,,,,,0.189793860895515,0.189793860895515
1968,0.332,0.332,,,,,0.331746198724609,0.331746198724609
1969,0.437,0.437,,,,,0.436893927070503,0.436893927070503
1970,0.419,0.419,,,,,0.418944029116874,0.418944029116874
1971,0.285,0.285,,,,,0.284737261149823,0.284737261149823
1972,0.392,0.392,,,,,0.392233069028374,0.392233069028374
1973,0.548,0.548,,,,,0.547735049819863,0.547735049819863
1974,0.456,0.456,,,,,0.455921294021705,0.455921294021705
1975,0.264,0.264,,,,,0.263639935178371,0.263639935178371
1976,0.495,0.495,,,,,0.494557868565099,0.494557868565099
1977,0.663,0.663,,,,,0.663437129246077,0.663437129246077
1978,0.786,0.786,,,,,0.786271638594812,0.786271638594812
1979,0.844,0.844,,,,,0.843821740440933,0.843821740440933
1980,0.858,0.858,,,,,0.857550522571526,0.857550522571526
1981,0.91,0.91,,,,,0.91034216300612,0.91034216300612
1982,0.53,0.53,,,,,0.53003972178417,0.53003972178417
1983,0.192,0.192,,,,,0.192163227402298,0.192163227402298
1984,0.632,0.632,,,,,0.632302488385552,0.632302488385552
1985,0.918,0.918,,,,,0.918400386825284,0.918400386825284
1986,0.972,0.972,,,,,0.972051479625749,0.972051479625749
1987,1.072,1.072,,,,,1.07221869222474,1.07221869222474
1988,1.242,1.242,,,,,1.24235855367021,1.24235855367021
1989,1.408,1.408,,,,,1.40777934802107,1.40777934802107
1990,1.416,1.416,,,,,1.41618514460756,1.41618514460756
1991,0.654,0.654,,,,,0.654347199421066,0.654347199421066
1992,-0.397,-0.397,,,,,-0.39680356970908,-0.39680356970908
1993,0.567,0.567,,,,,0.566546789532499,0.566546789532499
1994,1.228,1.228,,,,,1.22849420069283,1.22849420069283
1995,1.517,1.517,,,,,1.51674825687423,1.51674825687423
1996,1.642,1.642,,,,,1.64210301198028,1.64210301198028
1997,1.559,1.559,,,,,1.55895898086689,1.55895898086689
1998,1.7,1.7,,,,,1.69994097218484,1.69994097218484
1999,1.934,1.934,,,,,1.93355022574648,1.93355022574648
2000,2.026,2.026,,,,,2.02557893057251,2.02557893057251
2001,2.042,2.042,,,,,2.04229341328736,2.04229341328736
2002,2.007,2.007,,,,,2.00722302833322,2.00722302833322
2003,1.935,1.935,,,,,1.93456912413338,1.93456912413338
2004,1.957,1.957,,,,,1.95740357682401,1.95740357682401
2005,1.904,1.904,,,,,1.90430929551338,1.90430929551338
2006,1.885,1.885,,,,,1.88466986643859,1.88466986643859
2007,1.942,1.942,,,,,1.94246873379536,1.94246873379536
2008,2.052,2.052,,,,,2.05169276112923,2.05169276112923
2009,2.128,2.128,,,,,2.12821174804192,2.12821174804192
2010,2.237,2.237,,,,,2.23690363312659,2.23690363312659
2011,2.29,2.29,,,,,2.2897895942441,2.2897895942441
2012,2.357,2.357,,,,,2.35742109029523,2.35742109029523
2013,2.526,2.526,,,,,2.52599096296346,2.52599096296346
2014,2.558,2.558,,,,,2.55824234562296,2.55824234562296
2015,2.621,2.621,,,,,2.62144443297465,2.62144199290047
2016,2.631,2.634,,,,,2.63066058999669,2.63392157917405
2017,2.66,2.675,,,,,2.65955440319306,2.67513407216525
2018,2.691,2.733,,,,,2.69114050564811,2.73329082390591
2019,2.737,2.824,,,,,2.73699065846049,2.82386388981014
2020,2.799,2.935,,,,,2.79881520126283,2.93543447787165
2021,2.876,3.021,,,,,2.87590452269292,3.02132207529655
2022,2.955,3.112,,,,,2.95452542924814,3.11184719435016
2023,3.014,3.187,,,,,3.01439791321259,3.1871081767601
2024,3.058,3.251,,,,,3.0580881880952,3.25076275554813
2025,3.083,3.299,,,,,3.08314030861431,3.29935481647355
2026,3.104,3.346,,,,,3.10414599715527,3.34636008842077
2027,3.123,3.394,,,,,3.12338266358663,3.39437136179512
2028,3.156,3.459,,,,,3.15622316587791,3.45938305269449
2029,3.181,3.519,,,,,3.18079865528277,3.51870569794856
2030,3.212,3.588,,,,,3.21248389666078,3.58757572516765
2031,3.237,3.649,,,,,3.2369484360842,3.64856100065195
2032,3.271,3.722,,,,,3.27058656846395,3.72190411070863
2033,3.322,3.817,,,,,3.32204488052955,3.81657246813972
2034,3.388,3.929,,,,,3.38839707670898,3.92923533269289
2035,3.419,4.01,,,,,3.4191664129078,4.0099729547655
2036,3.461,4.105,,,,,3.46093670353039,4.10484962093469
2037,3.467,4.167,,,,,3.46705647879551,4.16706280466508
2038,3.489,4.247,,,,,3.48852290134196,4.2474830121722
2039,3.485,4.305,,,,,3.48505164287104,4.30548001750188
2040,3.482,4.366,,,,,3.48189158037269,4.36631479196606
2041,3.472,4.433,,,,,3.47224095843526,4.43265621633428
2042,3.476,4.515,,,,,3.47630583667338,4.51487439089944
2043,3.488,4.607,,,,,3.48787628445162,4.60654789053601
2044,3.509,4.709,,,,,3.50853037811582,4.70878817219327
2045,3.552,4.836,,,,,3.55212771814201,4.83589627234532
2046,3.584,4.953,,,,,3.58355312638045,4.95251718298676
2047,3.617,5.073,,,,,3.61711221769139,5.07285514537319
2048,3.625,5.169,,,,,3.62532478554819,5.16944297386947
2049,3.608,5.242,,,,,3.60816412634775,5.24238833765551
2050,3.578,5.304,,,,,3.57834941698385,5.30425681723876
2051,3.564,5.377,,,,,3.56442982468896,5.37704387048142
2052,3.551,5.452,,,,,3.55142002728002,5.45204186237728
2053,3.542,5.532,,,,,3.54244780893474,5.53182779369003
2054,3.549,5.628,,,,,3.54863098076554,5.62760345918063
2055,3.571,5.74,,,,,3.5709591366484,5.740260241207
2056,3.598,5.858,,,,,3.59783570735527,5.85831255300399
2057,3.599,5.952,,,,,3.59908998671896,5.95170442689087
2058,3.603,6.049,,,,,3.60324055312958,6.04895845218934
2059,3.606,6.146,,,,,3.60602134683461,6.14581287453325
2060,3.584,6.218,,,,,3.58362690798703,6.21839692272901
2061,3.562,6.296,,,,,3.56159107289629,6.2964310736264
2062,3.542,6.378,,,,,3.54245821118052,6.37814135681344
2063,3.533,6.47,,,,,3.53260973957282,6.47006052774097
2064,3.526,6.566,,,,,3.52568265714112,6.56582598233661
2065,3.527,6.67,,,,,3.52668376706459,6.67042601879595
2066,3.549,6.798,,,,,3.54930498183215,6.79755117805507
2067,3.568,6.922,,,,,3.56837371447811,6.92202947198658
2068,3.576,7.035,,,,,3.57552499220962,7.03543721237859
2069,3.562,7.129,,,,,3.56235217022158,7.12942727823188
2070,3.539,7.214,,,,,3.53873264756368,7.21405306834976
2071,3.508,7.297,,,,,3.50783559647246,7.29716360677615
2072,3.488,7.392,,,,,3.48798140394191,7.39209726701445
2073,3.47,7.489,,,,,3.47015757487325,7.48927700882331
2074,3.448,7.582,,,,,3.44789284110343,7.58236559943942
2075,3.432,7.682,,,,,3.43188526155417,7.68211438687031
2076,3.415,7.782,,,,,3.41512722897654,7.78154067631122
2077,3.409,7.892,,,,,3.40882056021952,7.89178440171837
2078,3.413,8.013,,,,,3.41322941578192,8.01337253788663
2079,3.418,8.136,,,,,3.41838148846672,8.13610714049154
2080,3.417,8.253,,,,,3.41697149693156,8.25303896725561
2081,3.403,8.355,,,,,3.40305925336388,8.355473690962
2082,3.386,8.454,,,,,3.38597183411644,8.45417656275773
2083,3.356,8.538,,,,,3.35566948271255,8.5379141156069
2084,3.333,8.628,,,,,3.33310675718987,8.6278018434228
2085,3.296,8.701,,,,,3.29564320128792,8.70120602060053
2086,3.268,8.783,,,,,3.26780479298967,8.78302333025524
2087,3.251,8.874,,,,,3.2507819151984,8.8744473798925
2088,3.236,8.967,,,,,3.23626384263441,8.96706237229442
2089,3.236,9.074,,,,,3.23649947413387,9.07350276395106
2090,3.247,9.19,,,,,3.24745804908532,9.18950407272709
2091,3.253,9.297,,,,,3.25263954483506,9.29669966537656
2092,3.264,9.409,,,,,3.26405610012236,9.40900741485876
2093,3.238,9.483,,,,,3.23840340756108,9.48250464696383
2094,3.202,9.544,,,,,3.20175626345714,9.54390916546283
2095,3.17,9.609,,,,,3.17004314530199,9.60906351415059
2096,3.136,9.67,,,,,3.13564572981875,9.67004709697855
2097,3.115,9.744,,,,,3.11520645673745,9.7436875644945
2098,3.095,9.817,,,,,3.09543525788563,9.81698182326793
2099,3.092,9.905,,,,,3.0918463852152,9.90526690763567
2100,3.101,10.005,,,,,3.10076720168831,10.0049558940079
2101,3.111,10.103,,,,,3.11083986408465,10.1033564471918
2102,3.094,10.173,,,,,3.0940390785024,10.1732470618606
2103,3.078,10.242,,,,,3.07815922376326,10.2422701827389
2104,3.053,10.3,,,,,3.05265064488611,10.2998439860814
2105,3.018,10.346,,,,,3.01754025490318,10.3462003796608
2106,2.992,10.4,,,,,2.99199533109179,10.4004106545823
2107,2.969,10.456,,,,,2.96901519117564,10.4555825674561
2108,2.955,10.518,,,,,2.95524889155123,10.5184547377916
2109,2.949,10.588,,,,,2.94914883260005,10.5875652459087
2110,2.958,10.67,,,,,2.95753867338802,10.6697098826562
2111,2.989,10.773,,,,,2.9885899278333,10.7731393767879
2112,2.979,10.834,,,,,2.97851901653577,10.8341242542357
2113,2.969,10.895,,,,,2.96916897665772,10.8946443700285
2114,2.933,10.927,,,,,2.93287708667903,10.9268378807635
2115,2.914,10.976,,,,,2.91445341994263,10.975578691526
2116,2.882,11.01,,,,,2.88242613167733,11.0095290112723
2117,2.861,11.053,,,,,2.86076884297317,11.0526095280495
2118,2.843,11.099,,,,,2.84327950927568,11.0986046613103
2119,2.833,11.151,,,,,2.83331583862707,11.1510168369188
2120,2.843,11.222,,,,,2.84300608978046,11.221887052438
2121,2.864,11.303,,,,,2.86372650522731,11.3027086935821
2122,2.886,11.384,,,,,2.88644760703556,11.3844196323344
2123,2.858,11.414,,,,,2.85778938387285,11.4137488727054
2124,2.853,11.465,,,,,2.85256546933326,11.4654206860479
2125,2.816,11.485,,,,,2.81633814663379,11.4850791235514
2126,2.784,11.507,,,,,2.78369329218243,11.5072605889967
2127,2.763,11.54,,,,,2.76279986804169,11.5402298141846
2128,2.744,11.575,,,,,2.74419119392645,11.5745292770276
2129,2.738,11.62,,,,,2.73796021653072,11.6202082848754
2130,2.749,11.682,,,,,2.74912606870427,11.6823390005666
2131,2.792,11.775,,,,,2.79187315593539,11.7750637936995
2132,2.791,11.824,,,,,2.7912509308189,11.8235144830801
2133,2.792,11.873,,,,,2.79233025423649,11.8727848771932
2134,2.767,11.895,,,,,2.76700077272335,11.894719451746
2135,2.733,11.907,,,,,2.73317775800275,11.9073485710478
2136,2.695,11.914,,,,,2.69461937404968,11.9143730096669
2137,2.677,11.942,,,,,2.67731269704258,11.9417840878946
2138,2.66,11.969,,,,,2.66029134898917,11.9686219335492
2139,2.648,11.999,,,,,2.64806859878973,11.9994925651473
2140,2.644,12.037,,,,,2.64365890448259,12.0373661403562
2141,2.657,12.092,,,,,2.65653680451389,12.0916982231932
2142,2.67,12.146,,,,,2.67027380449591,12.1459974700578
2143,2.666,12.181,,,,,2.66577832486965,12.181098223846
2144,2.663,12.217,,,,,2.66339330810685,12.2173404231972
2145,2.653,12.245,,,,,2.65292100865502,12.2445967935141
2146,2.628,12.256,,,,,2.6278939644981,12.2563540892035
2147,2.619,12.284,,,,,2.61947502682876,12.2837787456785
2148,2.601,12.3,,,,,2.60095113657926,12.3003208769004
2149,2.588,12.322,,,,,2.58839886778565,12.3219116581457
2150,2.58,12.346,,,,,2.57959306058383,12.3464769533664
2151,2.575,12.374,,,,,2.57463415657074,12.373949582485
2152,2.587,12.418,,,,,2.58745977751972,12.4184707199085
2153,2.617,12.479,,,,,2.61711295808919,12.4790184551864
2154,2.638,12.531,,,,,2.63841709121608,12.5306066435227
2155,2.632,12.554,,,,,2.63217995927436,12.5538649518258
2156,2.622,12.573,,,,,2.6222172907415,12.5726595567233
2157,2.601,12.579,,,,,2.60085011633281,12.5793902681063
2158,2.572,12.578,,,,,2.57235749837639,12.5782451352882
2159,2.548,12.581,,,,,2.5483428804269,12.5809670180734
2160,2.533,12.592,,,,,2.53344085869641,12.5921802791849
2161,2.53,12.615,,,,,2.53049465506572,12.6147024263438
2162,2.544,12.653,,,,,2.5442983980354,12.6534951331465
2163,2.576,12.71,,,,,2.57626779146801,12.7097992603984
2164,2.607,12.764,,,,,2.60714711212489,12.7644488828421
2165,2.592,12.773,,,,,2.59208577971186,12.7725476353523
2166,2.594,12.797,,,,,2.5935672126562,12.7966718092176
2167,2.556,12.781,,,,,2.55614554005314,12.7812527613643
2168,2.529,12.775,,,,,2.52864092782265,12.7752866950821
2169,2.508,12.776,,,,,2.50818429674143,12.7757438578445
2170,2.495,12.783,,,,,2.49531460639966,12.7832278252255
2171,2.49,12.798,,,,,2.48975008203418,12.7975169552726
2172,2.497,12.824,,,,,2.49706406591519,12.8241075660057
2173,2.525,12.871,,,,,2.52526802072561,12.8710127010398
2174,2.541,12.904,,,,,2.54054100069994,12.9044567007988
2175,2.554,12.935,,,,,2.55380233632086,12.935408291995
2176,2.552,12.951,,,,,2.5517674475161,12.9505161383573
2177,2.533,12.948,,,,,2.53290507154992,12.948260983889
2178,2.507,12.939,,,,,2.50721402175307,12.9386792688866
2179,2.491,12.938,,,,,2.49098666067079,12.9379737529804
2180,2.473,12.935,,,,,2.47336147626279,12.9354714594336
2181,2.462,12.939,,,,,2.46206117895593,12.9388224322702
2182,2.452,12.943,,,,,2.45197114412409,12.9428464612074
2183,2.447,12.951,,,,,2.44691229678078,12.951395499294
2184,2.449,12.967,,,,,2.44900704093082,12.9666398705726
2185,2.461,12.992,,,,,2.4614267034356,12.991710224345
2186,2.493,13.035,,,,,2.49276959528976,13.0351804962644
2187,2.496,13.051,,,,,2.49649362559553,13.0505831540627
2188,2.505,13.07,,,,,2.50457786128841,13.0697925365459
2189,2.51,13.086,,,,,2.51009044397953,13.0859346983079
2190,2.486,13.072,,,,,2.48617809000905,13.0722031628641
2191,2.465,13.061,,,,,2.46536121934914,13.0611398105574
2192,2.451,13.057,,,,,2.4514760012323,13.0566953857483
2193,2.446,13.06,,,,,2.44604788698867,13.0603716647722
2194,2.443,13.066,,,,,2.44304377592795,13.0661023915314
2195,2.45,13.082,,,,,2.45025715459288,13.0818372228075
2196,2.479,13.118,,,,,2.47862076845885,13.1183542637482
2197,2.508,13.156,,,,,2.50822676669796,13.1557911639512
2198,2.524,13.179,,,,,2.52426731521032,13.1793561048906
2199,2.515,13.177,,,,,2.51517846268457,13.1774613401111
2200,2.499,13.168,,,,,2.49901863416163,13.1682973776513
2201,2.472,13.148,,,,,2.47211318800199,13.1479666945788
2202,2.46,13.142,,,,,2.46028393280577,13.1424847094481
2203,2.45,13.139,,,,,2.45048556192618,13.1386691149832
2204,2.435,13.129,,,,,2.43516538004981,13.1290461969074
2205,2.429,13.128,,,,,2.4286272973083,13.1278677170563
2206,2.421,13.125,,,,,2.421059107137,13.125356826361
2207,2.426,13.135,,,,,2.42561577664232,13.1346582553319
2208,2.442,13.156,,,,,2.44232364055627,13.1557313792799
2209,2.461,13.178,,,,,2.46105845311157,13.1784691220616
2210,2.475,13.196,,,,,2.47461963234424,13.1958169647731
2211,2.473,13.198,,,,,2.47293584044258,13.1975758405319
2212,2.469,13.197,,,,,2.46919343181866,13.1969052723873
2213,2.452,13.182,,,,,2.45198463874671,13.1824660471624
2214,2.442,13.175,,,,,2.4416425701607,13.1746210618216
2215,2.417,13.152,,,,,2.41698110208681,13.1520961752878
2216,2.402,13.139,,,,,2.40224843202607,13.1392304226777
2217,2.399,13.138,,,,,2.39944813649886,13.1380552807595
2218,2.4,13.14,,,,,2.40022492307664,13.1400212417385
2219,2.416,13.157,,,,,2.41637306388898,13.1569768508762
2220,2.442,13.183,,,,,2.44217726887326,13.1833795872427
2221,2.461,13.202,,,,,2.46095346503018,13.2024424052244
2222,2.489,13.23,,,,,2.48892244869553,13.2303211738634
2223,2.474,13.215,,,,,2.47412874491978,13.2151326578935
2224,2.45,13.19,,,,,2.44985733624656,13.1901929804767
2225,2.429,13.168,,,,,2.42878416780334,13.1681437304114
2226,2.403,13.141,,,,,2.40348169841445,13.1414481838275
2227,2.396,13.132,,,,,2.39579721904528,13.13199533353
2228,2.384,13.119,,,,,2.38438828351876,13.1185124000267
2229,2.393,13.125,,,,,2.39323809194238,13.1250220472908
2230,2.417,13.146,,,,,2.41655361907381,13.1457837295979
2231,2.431,13.158,,,,,2.43138738146475,13.1576541664084
2232,2.434,13.156,,,,,2.43350664245779,13.1564443521587
2233,2.441,13.161,,,,,2.44122839971162,13.1605149387613
2234,2.428,13.143,,,,,2.42750080425277,13.1427430889443
2235,2.415,13.126,,,,,2.41518410289599,13.1261139643089
2236,2.39,13.096,,,,,2.39001838429377,13.0962571384425
2237,2.379,13.08,,,,,2.37907145365369,13.0802046495728
2238,2.372,13.067,,,,,2.37150537754646,13.0670046735836
2239,2.371,13.061,,,,,2.37121479070698,13.0610997689265
2240,2.382,13.066,,,,,2.38212658427891,13.0661890347936
2241,2.411,13.089,,,,,2.41108386016952,13.0891780715427
2242,2.437,13.109,,,,,2.43672187325079,13.108575439946
2243,2.438,13.104,,,,,2.43843147484081,13.1038112822265
2244,2.433,13.091,,,,,2.43284312540645,13.0914701845116
2245,2.411,13.062,,,,,2.41050602097614,13.0621687819227
2246,2.388,13.032,,,,,2.38767202633592,13.0321906654081
2247,2.377,13.014,,,,,2.37704362381483,13.0141769377404
2248,2.361,12.991,,,,,2.36119868276619,12.990636108242
2249,2.351,12.972,,,,,2.35089102228293,12.9724875750671
2250,2.343,12.956,,,,,2.34267477340907,12.9564112527812
2251,2.34,12.945,,,,,2.33954849669134,12.9451691786861
2252,2.347,12.945,,,,,2.34716538357021,12.9447852920721
2253,2.366,12.956,,,,,2.36562455118017,12.9556815857046
2254,2.387,12.97,,,,,2.38702983141546,12.9699535107214
2255,2.389,12.965,,,,,2.3886493046888,12.9648287415584
2256,2.392,12.962,,,,,2.39247504042909,12.962337540678
2257,2.386,12.95,,,,,2.38610060382675,12.9499407573522
2258,2.369,12.927,,,,,2.36860940187312,12.9267446076609
2259,2.356,12.908,,,,,2.35579772883142,12.9084443864753
2260,2.333,12.88,,,,,2.33282286964756,12.8802374423539
2261,2.321,12.863,,,,,2.32083524106438,12.8632184719593
2262,2.32,12.857,,,,,2.31985794078698,12.8574587393604
2263,2.322,12.855,,,,,2.32229061827724,12.8552890538314
2264,2.342,12.87,,,,,2.34174571398067,12.8704007220974
2265,2.37,12.894,,,,,2.36977522190065,12.8942119747903
2266,2.391,12.911,,,,,2.39060306556352,12.9109443158836
2267,2.41,12.926,,,,,2.41003912525185,12.9264080689694
2268,2.385,12.898,,,,,2.38517641681584,12.8976969240578
2269,2.366,12.875,,,,,2.36578909184973,12.8745807564773
2270,2.341,12.846,,,,,2.34055426489755,12.8457540565935
2271,2.325,12.827,,,,,2.32482884199871,12.8265028633583
2272,2.31,12.808,,,,,2.30980413860299,12.8080839801026
2273,2.308,12.803,,,,,2.30820674939819,12.8031771896799
2274,2.323,12.815,,,,,2.32298467676208,12.814664360547
2275,2.345,12.833,,,,,2.34499261171607,12.8334749342484
2276,2.36,12.846,,,,,2.36044510680625,12.8458551270271
2277,2.358,12.841,,,,,2.35844897322373,12.840829544111
2278,2.353,12.833,,,,,2.35325095526189,12.8326655860825
2279,2.339,12.815,,,,,2.33895404943821,12.8154743519659
2280,2.315,12.788,,,,,2.31453522859167,12.7881991835816
2281,2.301,12.772,,,,,2.3011643750325,12.7720117010556
2282,2.295,12.763,,,,,2.2951969892746,12.7632805821321
2283,2.291,12.757,,,,,2.29149886583941,12.7568608060954
2284,2.302,12.764,,,,,2.30166045324171,12.7643505089368
2285,2.329,12.789,,,,,2.32857058958601,12.7885979384168
2286,2.357,12.814,,,,,2.35691545608644,12.8143620231527
2287,2.365,12.82,,,,,2.36522231579878,12.8201046759219
2288,2.363,12.815,,,,,2.36279775228163,12.8151426517044
2289,2.327,12.777,,,,,2.32747572045727,12.7773419282977
2290,2.318,12.766,,,,,2.31829088551649,12.7656864715944
2291,2.299,12.744,,,,,2.29883191005404,12.743775617041
2292,2.282,12.725,,,,,2.28226305218009,12.7247684783598
2293,2.272,12.713,,,,,2.2724341888255,12.712570778411
2294,2.278,12.716,,,,,2.27783281178022,12.7156101429011
2295,2.303,12.738,,,,,2.30268277586989,12.7380918680875
2296,2.325,12.758,,,,,2.32457355220562,12.7576790699434
2297,2.348,12.779,,,,,2.34811578767772,12.7789451555475
2298,2.347,12.776,,,,,2.34727461712675,12.7758112840841
2299,2.327,12.753,,,,,2.32678734862346,12.7530174320097
2300,2.3,12.724,,,,,2.29984759424929,12.7237836898308
2301,2.299,12.72,,,,,2.29860157169311,12.7203271011566
2302,2.297,12.717,,,,,2.29734133990811,12.7168646631649
2303,2.296,12.713,,,,,2.2960897887239,12.7134395271672
2304,2.295,12.71,,,,,2.29483073286535,12.7099975045947
2305,2.294,12.707,,,,,2.29355569549095,12.7065574936017
2306,2.292,12.703,,,,,2.29228760346848,12.7031319241527
2307,2.291,12.7,,,,,2.29103529556547,12.6997212321588
2308,2.29,12.696,,,,,2.28977088344471,12.6963153367077
2309,2.289,12.693,,,,,2.28851615652809,12.6929222342627
2310,2.287,12.69,,,,,2.28725064961051,12.6895725219087
2311,2.286,12.686,,,,,2.2859992748177,12.6862844640682
2312,2.285,12.683,,,,,2.2847484239613,12.682987573372
2313,2.284,12.68,,,,,2.28351552459353,12.6796922596041
2314,2.282,12.676,,,,,2.28226590787132,12.6763848305904
2315,2.281,12.673,,,,,2.28102019142506,12.6731173007168
2316,2.28,12.67,,,,,2.27979349236732,12.6698301367295
2317,2.279,12.667,,,,,2.2785638357317,12.6665508007715
2318,2.277,12.663,,,,,2.2773390678049,12.6633146371475
2319,2.276,12.66,,,,,2.27611547783971,12.6600824433493
2320,2.275,12.657,,,,,2.27489190976743,12.6568647484513
2321,2.274,12.654,,,,,2.27368776717643,12.6536749368355
2322,2.272,12.651,,,,,2.27247014767001,12.6505025881621
2323,2.271,12.647,,,,,2.27126714931756,12.6473371067044
2324,2.27,12.644,,,,,2.27006519188369,12.6441497945868
2325,2.269,12.641,,,,,2.26886435406103,12.640940557088
2326,2.268,12.638,,,,,2.26766829367425,12.6377765225593
2327,2.266,12.635,,,,,2.26647254202167,12.6346390530621
2328,2.265,12.632,,,,,2.26529196869564,12.6315711575514
2329,2.264,12.628,,,,,2.26409731013912,12.6284447588343
2330,2.263,12.625,,,,,2.26292182267634,12.625390791657
2331,2.262,12.622,,,,,2.26173285393484,12.6223346628166
2332,2.261,12.619,,,,,2.26055926953551,12.6192059606617
2333,2.259,12.616,,,,,2.25938582149478,12.6160855420568
2334,2.258,12.613,,,,,2.25823063596253,12.6130512635394
2335,2.257,12.61,,,,,2.25706210225421,12.6100531878529
2336,2.256,12.607,,,,,2.25589438146208,12.6069460920239
2337,2.255,12.604,,,,,2.25474172379367,12.6038536989081
2338,2.254,12.601,,,,,2.2535750180914,12.6008462801829
2339,2.252,12.598,,,,,2.25242651205461,12.5978531861318
2340,2.251,12.595,,,,,2.2512788724286,12.5948779189145
2341,2.25,12.592,,,,,2.25013192543992,12.5918742210176
2342,2.249,12.589,,,,,2.24898495761497,12.5889135813273
2343,2.248,12.586,,,,,2.24783827177072,12.5860164086876
2344,2.247,12.583,,,,,2.24669599226101,12.5831013036209
2345,2.246,12.58,,,,,2.24555465056009,12.5801609958385
2346,2.244,12.577,,,,,2.24442768042247,12.5771988073961
2347,2.243,12.574,,,,,2.24328618543215,12.5742755117062
2348,2.242,12.571,,,,,2.24215973699452,12.5713802057586
2349,2.241,12.569,,,,,2.2410371971043,12.5685016266486
2350,2.24,12.566,,,,,2.23990108240191,12.5656224624272
2351,2.239,12.563,,,,,2.23877918903279,12.562749334458
2352,2.238,12.56,,,,,2.23765807757839,12.5598756043638
2353,2.237,12.557,,,,,2.2365367678554,12.5570077373565
2354,2.235,12.554,,,,,2.23541925350096,12.5541529299414
2355,2.234,12.551,,,,,2.23430145538405,12.5513182981672
2356,2.233,12.548,,,,,2.23318456340441,12.5484680360841
2357,2.232,12.546,,,,,2.23208178966123,12.5456485762519
2358,2.231,12.543,,,,,2.230965270014,12.5428027509327
2359,2.23,12.54,,,,,2.22985187868947,12.5399949075391
2360,2.229,12.537,,,,,2.22874955386536,12.537153286848
2361,2.228,12.534,,,,,2.22763718571593,12.5343741797861
2362,2.227,12.532,,,,,2.22653827680363,12.5315753413263
2363,2.225,12.529,,,,,2.22542737946656,12.5288071581759
2364,2.224,12.526,,,,,2.22433518558953,12.526004955786
2365,2.223,12.523,,,,,2.22324132612563,12.5232151300781
2366,2.222,12.52,,,,,2.22215510092481,12.5204522599362
2367,2.221,12.518,,,,,2.22107111498396,12.5176656539788
2368,2.22,12.515,,,,,2.22000432673662,12.5149092938181
2369,2.219,12.512,,,,,2.21892459056282,12.5121547106298
2370,2.218,12.509,,,,,2.21786602232691,12.5094047774773
2371,2.217,12.507,,,,,2.21680574503097,12.5066890589598
2372,2.216,12.504,,,,,2.2157506329707,12.503941716531
2373,2.215,12.501,,,,,2.21471196052695,12.5012033635133
2374,2.214,12.499,,,,,2.2136600718556,12.4985164226048
2375,2.213,12.496,,,,,2.21262389272466,12.4957803803205
2376,2.212,12.493,,,,,2.211593839724,12.4930492054918
2377,2.211,12.49,,,,,2.21056026719064,12.4903447255785
2378,2.21,12.488,,,,,2.20953182446317,12.487644437706
2379,2.209,12.485,,,,,2.20851903772838,12.484945569138
2380,2.207,12.482,,,,,2.2074922005356,12.4822476252077
2381,2.206,12.48,,,,,2.20648122478161,12.4795326680789
2382,2.205,12.477,,,,,2.20547064882534,12.4768369982444
2383,2.204,12.474,,,,,2.20446514169859,12.4741817568315
2384,2.203,12.472,,,,,2.20347144045586,12.4715561944114
2385,2.202,12.469,,,,,2.2024676064564,12.4688665304033
2386,2.201,12.466,,,,,2.20147847705765,12.4661851357961
2387,2.2,12.464,,,,,2.20047551714275,12.4635046431869
2388,2.199,12.461,,,,,2.19948813631955,12.4608573674046
2389,2.199,12.458,,,,,2.19850120372067,12.4582652210222
2390,2.198,12.456,,,,,2.19753301259758,12.455590371082
2391,2.197,12.453,,,,,2.19655088123499,12.4528875594617
2392,2.196,12.45,,,,,2.19557955794673,12.4503014316877
2393,2.195,12.448,,,,,2.19459879983776,12.4477156924345
2394,2.194,12.445,,,,,2.1936322334569,12.4450832962432
2395,2.193,12.442,,,,,2.19266662819356,12.4424121546627
2396,2.192,12.44,,,,,2.19170559660321,12.4397741445016
2397,2.191,12.437,,,,,2.19074090257485,12.4372019260678
2398,2.19,12.435,,,,,2.18979483216211,12.4346013731722
2399,2.189,12.432,,,,,2.18883095983724,12.4320517803035
2400,2.188,12.429,,,,,2.18788555800865,12.4294846045569
2401,2.187,12.427,,,,,2.18694073358282,12.4268275163442
2402,2.186,12.424,,,,,2.18599616325899,12.4242541226289
2403,2.185,12.422,,,,,2.18505585416975,12.4217434964668
2404,2.184,12.419,,,,,2.18411199330461,12.4191492146059
2405,2.183,12.417,,,,,2.18318290133995,12.4165263933654
2406,2.182,12.414,,,,,2.18224440425494,12.413965830903
2407,2.181,12.411,,,,,2.18131991073947,12.4114023887661
2408,2.18,12.409,,,,,2.18039574056768,12.4088394425725
2409,2.179,12.406,,,,,2.1794718278382,12.4062874492414
2410,2.179,12.404,,,,,2.17854837836991,12.4037577117371
2411,2.178,12.401,,,,,2.17762512732898,12.401195581716
2412,2.177,12.399,,,,,2.17671750618757,12.3986156470482
2413,2.176,12.396,,,,,2.17579881373127,12.3961197076007
2414,2.175,12.394,,,,,2.17489086617963,12.3935986521513
2415,2.174,12.391,,,,,2.17398738923102,12.3910414825462
2416,2.173,12.389,,,,,2.17306948212637,12.3885244141153
2417,2.172,12.386,,,,,2.17216657200166,12.3859972665251
2418,2.171,12.383,,,,,2.17127822473126,12.3834809516796
2419,2.17,12.381,,,,,2.17037576753428,12.3809649050573
2420,2.169,12.378,,,,,2.16947353152756,12.3784783055951
2421,2.169,12.376,,,,,2.16858616475829,12.3759627955883
2422,2.168,12.373,,,,,2.16768859302681,12.3734508427282
2423,2.167,12.371,,,,,2.16680565567084,12.3709651725995
2424,2.166,12.368,,,,,2.16591900489109,12.3684795760741
2425,2.165,12.366,,,,,2.16503656595467,12.36599769956
2426,2.164,12.364,,,,,2.16415363300238,12.3635160450135
2427,2.163,12.361,,,,,2.16328628676174,12.3610343432489
2428,2.162,12.359,,,,,2.16240476064904,12.3585310880212
2429,2.162,12.356,,,,,2.16153787361984,12.356049993562
2430,2.161,12.354,,,,,2.16065979707479,12.3535984287848
2431,2.16,12.351,,,,,2.15979329526282,12.351154260545
2432,2.159,12.349,,,,,2.15893113407716,12.3487064517101
2433,2.158,12.346,,,,,2.15806441255947,12.3462622888354
2434,2.157,12.344,,,,,2.1572028219793,12.3437852481766
2435,2.156,12.341,,,,,2.15634133979854,12.3413451999987
2436,2.155,12.339,,,,,2.15549372898627,12.3388758857075
2437,2.155,12.336,,,,,2.15463261449048,12.3364066290483
2438,2.154,12.334,,,,,2.15378554382739,12.3339594965754
2439,2.153,12.332,,,,,2.15292489387139,12.3315200310805
2440,2.152,12.329,,,,,2.15208221538416,12.3290838703886
2441,2.151,12.327,,,,,2.15123658727773,12.3266444757139
2442,2.15,12.324,,,,,2.15039433310009,12.3242379361254
2443,2.15,12.322,,,,,2.14954916170087,12.3217986618785
2444,2.149,12.319,,,,,2.14872178690351,12.3193997019121
2445,2.148,12.317,,,,,2.14788015629779,12.3169932184776
2446,2.147,12.315,,,,,2.14705393113655,12.3145868497378
2447,2.146,12.312,,,,,2.14621274279999,12.3121511330465
2448,2.145,12.31,,,,,2.14538629906736,12.3097818680244
2449,2.145,12.307,,,,,2.14455988576703,12.3074050950925
2450,2.144,12.305,,,,,2.14373451584305,12.3050389988524
2451,2.143,12.303,,,,,2.14290852975617,12.3026328336804
2452,2.142,12.3,,,,,2.14208689863058,12.300237342109
2453,2.141,12.298,,,,,2.14126130559618,12.297831275783
2454,2.14,12.295,,,,,2.14045437868785,12.2954654998122
2455,2.14,12.293,,,,,2.13963326751754,12.2931291810426
2456,2.139,12.291,,,,,2.13882271033448,12.2907264084437
2457,2.138,12.288,,,,,2.1380018808178,12.288331111878
2458,2.137,12.286,,,,,2.13719651507505,12.2859654466811
2459,2.136,12.284,,,,,2.13639057135461,12.2836292963219
2460,2.136,12.281,,,,,2.1355838815787,12.2812965205934
2461,2.135,12.279,,,,,2.13478216262815,12.2789008296273
2462,2.134,12.277,,,,,2.13399137363655,12.2765383765564
2463,2.133,12.274,,,,,2.13318585030877,12.274172561952
2464,2.132,12.272,,,,,2.13238463341487,12.271839822051
2465,2.132,12.27,,,,,2.1315943452263,12.2695142463655
2466,2.131,12.267,,,,,2.13080800110433,12.2672075863349
2467,2.13,12.265,,,,,2.13000338663601,12.2648744188342
2468,2.129,12.263,,,,,2.12921732943152,12.2625189467055
2469,2.128,12.26,,,,,2.12843072135521,12.2601561920738
2470,2.128,12.258,,,,,2.12764496789762,12.2578636355837
2471,2.127,12.256,,,,,2.12685937721726,12.2555601914973
2472,2.126,12.253,,,,,2.12608862044145,12.253234054595
2473,2.125,12.251,,,,,2.12530261693134,12.2508743635652
2474,2.125,12.249,,,,,2.12451753883033,12.2485484499969
2475,2.124,12.246,,,,,2.12374719365939,12.2462258041265
2476,2.123,12.244,,,,,2.12298003056912,12.2439328750689
2477,2.122,12.242,,,,,2.12219531384297,12.2416291494317
2478,2.121,12.239,,,,,2.12142929163505,12.2393358884112
2479,2.121,12.237,,,,,2.12065874275331,12.237012816104
2480,2.12,12.235,,,,,2.11989303942338,12.2347492901882
2481,2.119,12.233,,,,,2.11912281820552,12.2325452954055
2482,2.118,12.23,,,,,2.11837193274098,12.2301918591705
2483,2.118,12.228,,,,,2.11760566092408,12.2279014424849
2484,2.117,12.226,,,,,2.11685502249209,12.2257345584605
2485,2.116,12.223,,,,,2.11608908218318,12.2233805765303
2486,2.115,12.221,,,,,2.11533869082359,12.2210899770003
2487,2.115,12.219,,,,,2.11457314397247,12.2188856578687
2488,2.114,12.217,,,,,2.11382226061324,12.2165422133045
2489,2.113,12.214,,,,,2.11307222816724,12.2142511899675
2490,2.112,12.212,,,,,2.11232548226871,12.2120766045648
2491,2.112,12.21,,,,,2.11157582687331,12.2098225397632
2492,2.111,12.208,,,,,2.1108399772741,12.2075311756881
2493,2.11,12.205,,,,,2.11009348986954,12.2052770219261
2494,2.109,12.203,,,,,2.10934335208217,12.2030527186579
2495,2.109,12.201,,,,,2.10861257103044,12.2008207315905
2496,2.108,12.199,,,,,2.10786642374877,12.1985661133814
2497,2.107,12.196,,,,,2.10713123328909,12.1963147875719
2498,2.106,12.194,,,,,2.10640003396424,12.1940900661258
2499,2.106,12.192,,,,,2.10566974805017,12.1918950872255
2500,2.105,12.191,,,,,2.10530147996206,12.1907190407797
