year,wmghg_data,solar_data,volc_data, landuse_data,manaero_data
850.0,-0.00723149,-0.0276,0.0,0.032743999999999995,0.0
851.0,-0.0071832699,-0.01709999999999999,0.0,0.0327302,0.0
852.0,-0.0071521823000000005,0.007400000000000004,0.0,0.0327164,0.0
853.0,-0.0071419768,0.038900000000000004,0.0,0.0327026,0.0
854.0,-0.0072202646,0.055,0.0,0.0326887,0.0
855.0,-0.0073175507,0.0736,-1.74764,0.0326749,0.0
856.0,-0.0073699970000000005,0.05790000000000001,-1.02901,0.0326611,0.0
857.0,-0.007872347,0.0391,-0.191975,0.0326473,0.0
858.0,-0.008038003,0.024800000000000003,-0.0328954,0.032633499999999996,0.0
859.0,-0.008224554,0.0022999999999999965,-0.00551787,0.0326197,0.0
860.0,-0.008432,-0.013799999999999993,-0.000404227,0.0326059,0.0
861.0,-0.00866035,-0.0271,0.0,0.032591999999999996,0.0
862.0,-0.0089058,-0.019199999999999995,0.0,0.0325782,0.0
863.0,-0.00923795,0.006000000000000005,0.0,0.03256439999999999,0.0
864.0,-0.00951952,0.038000000000000006,0.0,0.0325506,0.0
865.0,-0.00981439,0.054400000000000004,0.0,0.0325368,0.0
866.0,-0.01019222,0.07300000000000001,0.0,0.032522999999999996,0.0
867.0,-0.01051563,0.057300000000000004,0.0,0.032509199999999995,0.0
868.0,-0.010918230000000001,0.0383,0.0,0.0324953,0.0
869.0,-0.01133037,0.0237,0.0,0.032481499999999996,0.0
870.0,-0.011686160000000001,0.0006000000000000033,0.0,0.032467699999999995,0.0
871.0,-0.01211738,-0.016,-1.71624,0.032453899999999994,0.0
872.0,-0.012554349999999999,-0.030100000000000002,-1.0397,0.0324401,0.0
873.0,-0.01293114,-0.0208,-0.195253,0.0324263,0.0
874.0,-0.0133796,0.0022000000000000075,-0.0335073,0.0324125,0.0
875.0,-0.013831920000000001,0.0315,-0.00562259,0.0323986,0.0
876.0,-0.014286199999999999,0.046200000000000005,-0.000405819,0.0323848,0.0
877.0,-0.0151039,0.063,0.0,0.032371,0.0
878.0,-0.01549228,0.0473,-0.273786,0.032357199999999996,0.0
879.0,-0.01594862,0.028700000000000003,-0.182114,0.032343399999999994,0.0
880.0,-0.01640122,0.014200000000000004,-0.0348947,0.0323296,0.0
881.0,-0.01685008,-0.008199999999999999,-0.0060152,0.0323158,0.0
882.0,-0.017295190000000002,-0.02439999999999999,-0.0010105,0.032302,0.0
883.0,-0.01766669,-0.03810000000000001,-6.97058e-05,0.0322881,0.0
884.0,-0.018098589999999998,-0.028399999999999995,0.0,0.0322743,0.0
885.0,-0.01852299,-0.007599999999999996,0.0,0.0322605,0.0
886.0,-0.018937990000000002,0.019000000000000003,0.0,0.032246699999999996,0.0
887.0,-0.01927539,0.0325,0.0,0.032232899999999995,0.0
888.0,-0.01966959,0.048,0.0,0.0322191,0.0
889.0,-0.020048589999999998,0.034100000000000005,0.0,0.0322053,0.0
890.0,-0.02034809,0.017600000000000005,0.0,0.032191399999999995,0.0
891.0,-0.02069869,0.0050000000000000044,0.0,0.0321776,0.0
892.0,-0.02096599,-0.014600000000000002,0.0,0.0321638,0.0
893.0,-0.02128439,-0.0286,0.0,0.03215,0.0
894.0,-0.021877189999999998,-0.04010000000000001,-0.181671,0.0321362,0.0
895.0,-0.02208759,-0.033299999999999996,-0.120842,0.032122399999999995,0.0
896.0,-0.02227899,-0.011499999999999996,-0.0231545,0.0321086,0.0
897.0,-0.02251389,0.016200000000000006,-0.00399138,0.0320947,0.0
898.0,-0.02265979,0.0308,-0.000670363,0.032080899999999996,0.0
899.0,-0.02278289,0.047400000000000005,-0.303897,0.0320671,0.0
900.0,-0.02281499,0.0347,-0.202112,0.0320533,0.0
901.0,-0.02289439,0.0194,-0.0387266,0.0320392,0.0
902.0,-0.02295679,0.007900000000000004,-1.58073,0.0320252,0.0
903.0,-0.02300009,-0.010599999999999998,-0.973245,0.0320111,0.0
904.0,-0.02295809,-0.02339999999999999,-0.183511,0.031997,0.0
905.0,-0.02297109,-0.0339,-0.0315209,0.031982899999999995,0.0
906.0,-0.02290259,-0.02969999999999999,-0.00529054,0.031968899999999995,0.0
907.0,-0.02282079,-0.004699999999999996,-0.000378443,0.0319548,0.0
908.0,-0.02279579,0.026600000000000006,0.0,0.031940699999999995,0.0
909.0,-0.023056590000000002,0.043500000000000004,0.0,0.0319266,0.0
910.0,-0.02294629,0.0625,0.0,0.0319126,0.0
911.0,-0.02282839,0.0492,0.0,0.031898499999999996,0.0
912.0,-0.02270679,0.032900000000000006,0.0,0.03188439999999999,0.0
913.0,-0.02251109,0.020600000000000007,0.0,0.0318703,0.0
914.0,-0.02237989,0.0003999999999999976,0.0,0.0318563,0.0
915.0,-0.02224879,-0.013799999999999993,0.0,0.0318422,0.0
916.0,-0.022049390000000002,-0.025599999999999998,0.0,0.0318281,0.0
917.0,-0.02191829,-0.02099999999999999,0.0,0.031813999999999995,0.0
918.0,-0.02172269,0.0058,0.0,0.031799999999999995,0.0
919.0,-0.02153079,0.039400000000000004,0.0,0.0317859,0.0
920.0,-0.02134279,0.05740000000000001,0.0,0.031771799999999996,0.0
921.0,-0.02116239,0.07780000000000001,0.0,0.0317577,0.0
922.0,-0.020989590000000002,0.0631,0.0,0.0317437,0.0
923.0,-0.020824389999999998,0.0453,0.0,0.0317296,0.0
924.0,-0.02103419,0.032200000000000006,0.0,0.031715499999999994,0.0
925.0,-0.02089179,0.010700000000000001,0.0,0.0317014,0.0
926.0,-0.02069429,-0.0040999999999999925,0.0,0.0316874,0.0
927.0,-0.02058039,-0.016,0.0,0.0316733,0.0
928.0,-0.020415290000000003,-0.012299999999999991,0.0,0.0316592,0.0
929.0,-0.02033359,0.01920000000000001,0.0,0.0316452,0.0
930.0,-0.020202690000000002,0.0587,-0.847234,0.031631099999999995,0.0
931.0,-0.02009259,0.0801,-0.453212,0.031617,0.0
932.0,-0.02000159,0.1043,-0.0825463,0.031602899999999996,0.0
933.0,-0.01993519,0.0882,-0.014066,0.031588899999999996,0.0
934.0,-0.01989159,0.0684,-2.0353,0.0315748,0.0
935.0,-0.01987269,0.0538,-1.35309,0.0315607,0.0
936.0,-0.01981399,0.029400000000000003,-0.259265,0.031546599999999994,0.0
937.0,-0.01985019,0.012400000000000008,-0.0446928,0.031532599999999994,0.0
938.0,-0.02020829,-0.0013999999999999985,-0.00750825,0.0315185,0.0
939.0,-0.02030329,0.003500000000000003,-0.000517531,0.0315044,0.0
940.0,-0.02036439,0.0383,-0.131905,0.0314903,0.0
941.0,-0.02045579,0.08170000000000001,-0.0705601,0.0314763,0.0
942.0,-0.02058329,0.10450000000000001,-0.0128515,0.031462199999999996,0.0
943.0,-0.02074699,0.12990000000000002,-0.00218995,0.0314481,0.0
944.0,-0.02094859,0.1099,-0.000366789,0.031434,0.0
945.0,-0.02118639,0.0853,-2.83144e-05,0.03142,0.0
946.0,-0.02146039,0.06620000000000001,-0.296237,0.0314059,0.0
947.0,-0.02169849,0.035800000000000005,-0.162816,0.0313918,0.0
948.0,-0.02202959,0.013600000000000001,-0.0293847,0.031377699999999994,0.0
949.0,-0.02231349,-0.005299999999999999,-0.00499492,0.031363699999999994,0.0
950.0,-0.02268449,0.007300000000000001,-0.000836063,0.0313496,0.0
951.0,-0.02300089,0.036300000000000006,-5.88238e-05,0.031335499999999995,0.0
952.0,-0.023688690000000002,0.0734,0.0,0.031321499999999995,0.0
953.0,-0.02408469,0.0915,0.0,0.0313074,0.0
954.0,-0.02441469,0.11220000000000001,0.0,0.031293299999999996,0.0
955.0,-0.024739090000000002,0.0911,0.0,0.0312792,0.0
956.0,-0.02505399,0.0661,0.0,0.0312652,0.0
957.0,-0.02535569,0.046400000000000004,0.0,0.0312511,0.0
958.0,-0.02570659,0.016600000000000004,0.0,0.031236999999999997,0.0
959.0,-0.02596659,-0.005400000000000002,0.0,0.031222899999999998,0.0
960.0,-0.02620209,-0.023999999999999994,0.0,0.031208899999999998,0.0
961.0,-0.02647319,-0.009099999999999997,0.0,0.031194799999999998,0.0
962.0,-0.02663839,0.014600000000000002,-1.33652,0.0311807,0.0
963.0,-0.02683359,0.0453,-0.748939,0.031166599999999996,0.0
964.0,-0.02691519,0.060300000000000006,-0.138053,0.031152599999999996,0.0
965.0,-0.02701719,0.07780000000000001,-0.0235902,0.0311385,0.0
966.0,-0.02735799,0.060200000000000004,-0.00395411,0.031124399999999997,0.0
967.0,-0.02734599,0.0395,-0.000297705,0.031110299999999997,0.0
968.0,-0.02727109,0.023500000000000007,0.0,0.031096299999999997,0.0
969.0,-0.02713159,-0.000899999999999998,0.0,0.031082199999999997,0.0
970.0,-0.02692549,-0.01859999999999999,0.0,0.031068099999999998,0.0
971.0,-0.02672259,-0.033299999999999996,0.0,0.031054,0.0
972.0,-0.02639089,-0.022699999999999998,0.0,0.031039999999999998,0.0
973.0,-0.02606629,0.00020000000000000573,0.0,0.031025899999999995,0.0
974.0,-0.02561679,0.029500000000000005,0.0,0.0310118,0.0
975.0,-0.02518179,0.0446,0.0,0.030997699999999996,0.0
976.0,-0.02469359,0.06180000000000001,0.0,0.030983699999999996,0.0
977.0,-0.02408639,0.046900000000000004,0.0,0.0309696,0.0
978.0,-0.02349939,0.029000000000000005,0.0,0.030955499999999997,0.0
979.0,-0.02286489,0.015399999999999997,0.0,0.030941499999999997,0.0
980.0,-0.02212089,-0.006199999999999997,0.0,0.030927399999999997,0.0
981.0,-0.021764890000000002,-0.0218,0.0,0.030913299999999998,0.0
982.0,-0.02100709,-0.035,0.0,0.030899199999999998,0.0
983.0,-0.020145490000000002,-0.025899999999999992,0.0,0.030885199999999998,0.0
984.0,-0.019249790000000003,-0.004799999999999999,0.0,0.0308711,0.0
985.0,-0.01838789,0.022000000000000006,0.0,0.030856999999999996,0.0
986.0,-0.01742979,0.035100000000000006,0.0,0.0308429,0.0
987.0,-0.016441419999999998,0.05,0.0,0.0308289,0.0
988.0,-0.015428560000000001,0.0349,-0.540251,0.030814799999999996,0.0
989.0,-0.014393079999999999,0.017,-0.340874,0.030800699999999997,0.0
990.0,-0.01326922,0.002799999999999997,-0.065847,0.030786599999999997,0.0
991.0,-0.01219234,-0.01859999999999999,-0.0113743,0.030772599999999997,0.0
992.0,-0.01103282,-0.0345,-0.00191171,0.030758499999999998,0.0
993.0,-0.00985834,-0.048,-0.000139528,0.030744399999999998,0.0
994.0,-0.0086727,-0.0372,0.0,0.030730299999999995,0.0
995.0,-0.007408316,-0.0204,0.0,0.030716299999999995,0.0
996.0,-0.006566197,0.0013000000000000095,0.0,0.0307022,0.0
997.0,-0.0052234,0.011900000000000008,0.0,0.030688099999999996,0.0
998.0,-0.00394277,0.024300000000000002,0.0,0.030674,0.0
999.0,-0.0025949,0.011900000000000008,0.0,0.03066,0.0
1000.0,-0.0012473500000000004,-0.002599999999999991,0.0,0.030645899999999997,0.0
1001.0,9.608000000000012e-05,-0.013700000000000004,0.0,0.0306216,0.0
1002.0,0.00149904,-0.0305,-1.68628,0.030597299999999997,0.0
1003.0,0.00289591,-0.04240000000000001,-1.00035,0.0305729,0.0
1004.0,0.004281109999999999,-0.052000000000000005,-0.186957,0.030548599999999995,0.0
1005.0,0.00572191,-0.046700000000000005,-0.0320483,0.030524299999999997,0.0
1006.0,0.007214409999999999,-0.026999999999999996,-0.00537623,0.0305,0.0
1007.0,0.008622109999999999,-0.0020000000000000018,-0.000392289,0.030475699999999998,0.0
1008.0,0.010075810000000001,0.011800000000000005,0.0,0.030451399999999997,0.0
1009.0,0.01150251,0.0274,0.0,0.030426999999999996,0.0
1010.0,0.012900410000000001,0.017600000000000005,0.0,0.030402699999999998,0.0
1011.0,0.01397251,0.005400000000000002,0.0,0.0303784,0.0
1012.0,0.01530331,-0.0034000000000000002,0.0,0.0303541,0.0
1013.0,0.01659571,-0.01859999999999999,0.0,0.030329799999999997,0.0
1014.0,0.01784621,-0.029200000000000004,0.0,0.0303055,0.0
1015.0,0.01905081,-0.0379,0.0,0.0302811,0.0
1016.0,0.02020601,-0.034699999999999995,0.0,0.030256799999999997,0.0
1017.0,0.02130971,-0.013200000000000003,0.0,0.030232499999999995,0.0
1018.0,0.02228951,0.013600000000000001,0.0,0.030208199999999998,0.0
1019.0,0.02321241,0.027300000000000005,-0.452258,0.0301839,0.0
1020.0,0.024070710000000002,0.0424,-0.300828,0.030159599999999998,0.0
1021.0,0.024795909999999997,0.028700000000000003,-0.0576416,0.030135199999999997,0.0
1022.0,0.025453009999999998,0.011999999999999997,-0.00993643,0.030110899999999996,0.0
1023.0,0.02603801,-0.0013999999999999985,-0.00166941,0.030086599999999998,0.0
1024.0,0.026414109999999998,-0.0223,-0.000115036,0.0300623,0.0
1025.0,0.026708910000000002,-0.0382,0.0,0.030037999999999995,0.0
1026.0,0.02656401,-0.0523,0.0,0.030013699999999997,0.0
1027.0,0.02658381,-0.0392,0.0,0.029989299999999997,0.0
1028.0,0.02663431,-0.028399999999999995,0.0,0.029965,0.0
1029.0,0.02654401,-0.013999999999999999,0.0,0.029940699999999997,0.0
1030.0,0.026470809999999997,-0.008800000000000002,0.0,0.029916399999999996,0.0
1031.0,0.02637441,-0.0025000000000000022,-0.605747,0.029892099999999998,0.0
1032.0,0.026349909999999997,-0.016199999999999992,-0.324033,0.0298678,0.0
1033.0,0.02635511,-0.031799999999999995,-0.0590182,0.0298434,0.0
1034.0,0.026485010000000003,-0.04479999999999999,-0.0100568,0.029819099999999998,0.0
1035.0,0.026697609999999997,-0.0626,-0.00168434,0.029794799999999996,0.0
1036.0,0.027085810000000002,-0.0767,-0.000130278,0.0297705,0.0
1037.0,0.02767981,-0.08900000000000001,0.0,0.029746199999999997,0.0
1038.0,0.02848891,-0.0737,0.0,0.029721899999999996,0.0
1039.0,0.02943321,-0.07259999999999998,0.0,0.029697499999999998,0.0
1040.0,0.03055841,-0.0699,0.0,0.029673199999999997,0.0
1041.0,0.03148711,-0.06999999999999999,-0.182055,0.0296489,0.0
1042.0,0.03292081,-0.0694,-0.114869,0.029624599999999997,0.0
1043.0,0.03448041,-0.0755,-0.0221894,0.029600299999999996,0.0
1044.0,0.03614481,-0.0818,-0.00383296,0.029575999999999998,0.0
1045.0,0.03783051,-0.0868,-0.000644291,0.029551599999999997,0.0
1046.0,0.03965171,-0.0931,-4.70138e-05,0.0295273,0.0
1047.0,0.04152111,-0.0976,0.0,0.029502999999999998,0.0
1048.0,0.04342161,-0.10099999999999999,0.0,0.029478699999999997,0.0
1049.0,0.04526761,-0.09699999999999999,0.0,0.0294544,0.0
1050.0,0.04717201,-0.0934,0.0,0.029429999999999998,0.0
1051.0,0.04904921,-0.0886,-0.283088,0.0294057,0.0
1052.0,0.05088231,-0.0855,-0.151433,0.029381399999999995,0.0
1053.0,0.05265261,-0.0818,-0.0275814,0.029357099999999997,0.0
1054.0,0.05440451,-0.0825,-0.0046998,0.0293328,0.0
1055.0,0.05605621,-0.0833,-0.000787141,0.029308499999999998,0.0
1056.0,0.05752221,-0.08320000000000001,-6.08963e-05,0.029284099999999997,0.0
1057.0,0.05862031,-0.084,0.0,0.0292598,0.0
1058.0,0.05985581,-0.0836,0.0,0.029235499999999998,0.0
1059.0,0.060985309999999994,-0.08259999999999999,0.0,0.029211199999999996,0.0
1060.0,0.061949609999999995,-0.0881,0.0,0.029186899999999998,0.0
1061.0,0.06275431000000001,-0.07540000000000001,-0.164399,0.029162599999999997,0.0
1062.0,0.06347591,-0.059999999999999984,-0.109353,0.029138199999999996,0.0
1063.0,0.06405501,-0.05009999999999999,-0.020953,0.029113899999999998,0.0
1064.0,0.06450091,-0.03929999999999999,-0.00361203,0.029089599999999997,0.0
1065.0,0.06482320999999999,-0.0412,-0.000606912,0.0290653,0.0
1066.0,0.06509620999999999,-0.044099999999999986,-4.18246e-05,0.029040999999999997,0.0
1067.0,0.06526240999999999,-0.04540000000000001,0.0,0.029016699999999996,0.0
1068.0,0.06532931,-0.0498,0.0,0.0289923,0.0
1069.0,0.06530431,-0.05159999999999999,0.0,0.028967999999999997,0.0
1070.0,0.06520071,-0.052500000000000005,0.0,0.0289437,0.0
1071.0,0.06508901,-0.059899999999999995,0.0,0.028919399999999998,0.0
1072.0,0.06491171000000001,-0.0372,0.0,0.028895099999999996,0.0
1073.0,0.06461311,-0.0097,0.0,0.0288708,0.0
1074.0,0.06433261000000001,0.006500000000000006,0.0,0.028846399999999998,0.0
1075.0,0.06365040999999999,0.024400000000000005,0.0,0.028822099999999996,0.0
1076.0,0.06330051,0.017100000000000004,0.0,0.0287978,0.0
1077.0,0.06292801,0.007500000000000007,0.0,0.028773499999999997,0.0
1078.0,0.06254230999999999,0.0010000000000000009,0.0,0.0287492,0.0
1079.0,0.062152809999999996,-0.011700000000000002,0.0,0.028724899999999998,0.0
1080.0,0.061765110000000005,-0.0199,0.0,0.028700499999999997,0.0
1081.0,0.06139051,-0.026399999999999993,0.0,0.0286762,0.0
1082.0,0.06096961,-0.0291,-1.35683,0.028651899999999998,0.0
1083.0,0.060643609999999994,-0.0006999999999999923,-0.844113,0.028627599999999996,0.0
1084.0,0.06035691000000001,0.0342,-0.159468,0.028603299999999998,0.0
1085.0,0.060048510000000006,0.0534,-0.0274029,0.028578999999999997,0.0
1086.0,0.059861210000000005,0.0746,-0.00459976,0.028554599999999996,0.0
1087.0,0.05967271,0.061,-0.000327592,0.028530299999999998,0.0
1088.0,0.05955371,0.0441,0.0,0.028505999999999997,0.0
1089.0,0.05950971,0.031400000000000004,0.0,0.0284817,0.0
1090.0,0.059537009999999994,0.010099999999999998,0.0,0.028457399999999997,0.0
1091.0,0.05956521,-0.004900000000000002,0.0,0.028433099999999996,0.0
1092.0,0.059723809999999995,-0.017299999999999996,0.0,0.0284087,0.0
1093.0,0.059877709999999994,-0.012399999999999994,0.0,0.028384399999999997,0.0
1094.0,0.06008591,0.016,0.0,0.0283601,0.0
1095.0,0.060348610000000004,0.051500000000000004,-0.505296,0.028335799999999998,0.0
1096.0,0.060661910000000006,0.0699,-0.270299,0.028311499999999996,0.0
1097.0,0.06065771,0.0905,-0.0492312,0.0282872,0.0
1098.0,0.061061010000000006,0.0733,-0.00838899,0.028262799999999998,0.0
1099.0,0.061501709999999994,0.052500000000000005,-0.0014051,0.028238499999999996,0.0
1100.0,0.06204481,0.036300000000000006,-0.000108605,0.0282142,0.0
1101.0,0.06255480999999999,0.010700000000000001,0.0,0.028193499999999996,0.0
1102.0,0.06309301,-0.007999999999999993,0.0,0.0281727,0.0
1103.0,0.06372401,-0.0238,0.0,0.028151999999999996,0.0
1104.0,0.06430891,-0.013299999999999992,0.0,0.0281312,0.0
1105.0,0.06497911,0.011099999999999999,0.0,0.028110499999999997,0.0
1106.0,0.06566431,0.042300000000000004,0.0,0.0280897,0.0
1107.0,0.06636251000000001,0.057800000000000004,0.0,0.028068999999999997,0.0
1108.0,0.06713670999999999,0.0757,0.0,0.0280482,0.0
1109.0,0.06785531,0.05890000000000001,0.0,0.028027499999999997,0.0
1110.0,0.06864801000000001,0.038900000000000004,0.0,0.0280067,0.0
1111.0,0.06944811000000001,0.02360000000000001,-0.326718,0.027985999999999997,0.0
1112.0,0.07032041,0.0,-0.174772,0.0279652,0.0
1113.0,0.07112961000000001,-0.016799999999999995,-0.0318323,0.027944499999999997,0.0
1114.0,0.07200720999999999,-0.030600000000000002,-0.00542429,0.0279237,0.0
1115.0,0.07282000999999999,-0.022499999999999992,-0.000908515,0.027902999999999997,0.0
1116.0,0.07369740999999999,0.0034000000000000002,-7.02398e-05,0.027882199999999996,0.0
1117.0,0.07457461000000001,0.036300000000000006,0.0,0.027861499999999997,0.0
1118.0,0.07544801000000001,0.0541,0.0,0.027840699999999996,0.0
1119.0,0.07631561,0.0746,-0.289176,0.027819999999999998,0.0
1120.0,0.07724581,0.0609,-0.154689,0.027799199999999996,0.0
1121.0,0.07810011,0.0444,-0.0281744,0.027778499999999998,0.0
1122.0,0.07894491000000001,0.032900000000000006,-0.004801,0.027757699999999996,0.0
1123.0,0.07984661000000001,0.013400000000000009,-0.0879472,0.027736999999999998,0.0
1124.0,0.08067061,0.0007000000000000062,-0.0481322,0.027716199999999996,0.0
1125.0,0.08154591,-0.008899999999999991,-0.00868679,0.027695499999999998,0.0
1126.0,0.08234151,-0.009499999999999995,-0.00147656,0.027674799999999996,0.0
1127.0,0.08318661,0.027800000000000005,-0.000247153,0.027653999999999998,0.0
1128.0,0.08394841,0.07400000000000001,-1.73789e-05,0.027633299999999996,0.0
1129.0,0.08475780999999999,0.1,0.0,0.027612499999999998,0.0
1130.0,0.08511571000000001,0.129,0.0,0.027591799999999996,0.0
1131.0,0.08588371,0.11280000000000001,0.0,0.027571,0.0
1132.0,0.08655911,0.09230000000000001,0.0,0.027550299999999996,0.0
1133.0,0.08721201,0.0774,-0.205974,0.0275295,0.0
1134.0,0.08790491,0.0512,-0.110182,0.027508799999999996,0.0
1135.0,0.08850161000000001,0.0332,-0.0200681,0.027488,0.0
1136.0,0.08907211000000001,0.0184,-0.00341968,0.027467299999999997,0.0
1137.0,0.08961071000000001,0.021500000000000005,-0.000572868,0.0274465,0.0
1138.0,0.09005321,0.0625,-4.42967e-05,0.027425799999999997,0.0
1139.0,0.09053191,0.1134,0.0,0.027405,0.0
1140.0,0.09091641,0.1402,0.0,0.027384299999999997,0.0
1141.0,0.09134101,0.16999999999999998,0.0,0.0273635,0.0
1142.0,0.09167501,0.1466,0.0,0.027342799999999997,0.0
1143.0,0.09198471,0.1178,-0.0833029,0.027322,0.0
1144.0,0.09227571000000001,0.0953,-0.0445614,0.027301299999999997,0.0
1145.0,0.09254430999999999,0.059500000000000004,-0.00811639,0.0272805,0.0
1146.0,0.09273181,0.0333,-0.00138302,0.027259799999999997,0.0
1147.0,0.09296651,0.010800000000000004,-0.000231643,0.027239,0.0
1148.0,0.09312250999999999,0.026300000000000004,-1.7942e-05,0.027218299999999997,0.0
1149.0,0.09333151,0.059000000000000004,0.0,0.027197499999999996,0.0
1150.0,0.09346251,0.1008,0.0,0.027176799999999997,0.0
1151.0,0.09358251000000001,0.12090000000000001,-0.215106,0.0271561,0.0
1152.0,0.09369751000000001,0.14400000000000002,-0.115067,0.027135299999999998,0.0
1153.0,0.09380451000000001,0.1192,-0.0209579,0.0271146,0.0
1154.0,0.09390651,0.0898,-0.00357121,0.027093799999999998,0.0
1155.0,0.09393951,0.0666,-0.000598054,0.0270731,0.0
1156.0,0.09403750999999999,0.0316,-4.62903e-05,0.027052299999999998,0.0
1157.0,0.09413751000000001,0.005600000000000008,0.0,0.027031599999999996,0.0
1158.0,0.09417150999999999,-0.016600000000000004,0.0,0.027010799999999998,0.0
1159.0,0.09420851,0.0025000000000000022,-2.25419,0.026990099999999996,0.0
1160.0,0.09425351000000001,0.027000000000000003,-1.23894,0.026969299999999998,0.0
1161.0,0.09436750999999999,0.05890000000000001,-0.223601,0.026948599999999996,0.0
1162.0,0.09442150999999999,0.07400000000000001,-0.0380084,0.026927799999999998,0.0
1163.0,0.09441351,0.0917,-0.00636199,0.026907099999999996,0.0
1164.0,0.09447551000000001,0.0718,-0.000447744,0.0268863,0.0
1165.0,0.09454051,0.048600000000000004,0.0,0.026865599999999996,0.0
1166.0,0.09460551,0.030500000000000006,0.0,0.0268448,0.0
1167.0,0.09460751,0.003600000000000006,0.0,0.026824099999999997,0.0
1168.0,0.09467450999999999,-0.016,0.0,0.0268033,0.0
1169.0,0.09503650999999999,-0.03219999999999999,0.0,0.026782599999999997,0.0
1170.0,0.09509951,-0.019599999999999992,0.0,0.0267618,0.0
1171.0,0.09509451,0.0040000000000000036,0.0,0.026741099999999997,0.0
1172.0,0.09508850999999999,0.0344,0.0,0.0267203,0.0
1173.0,0.09507651,0.05,0.0,0.026699599999999997,0.0
1174.0,0.09505951000000001,0.06810000000000001,0.0,0.0266788,0.0
1175.0,0.09503550999999999,0.0529,0.0,0.026658099999999997,0.0
1176.0,0.09494051,0.0349,0.0,0.0266374,0.0
1177.0,0.09490251,0.0213,-2.5889,0.026616599999999997,0.0
1178.0,0.09485751,-0.0003999999999999976,-2.21426,0.0265959,0.0
1179.0,0.09473651,-0.015600000000000003,-0.43162,0.026575099999999997,0.0
1180.0,0.09460551,-0.028200000000000003,-0.0746985,0.0265544,0.0
1181.0,0.09453051000000001,-0.021400000000000002,-0.0125619,0.026533599999999997,0.0
1182.0,0.09437551,0.004400000000000001,-0.00108508,0.0265129,0.0
1183.0,0.09420951,0.0369,0.0,0.026492099999999998,0.0
1184.0,0.09402851000000001,0.0539,0.0,0.0264714,0.0
1185.0,0.09376851,0.0732,0.0,0.026450599999999998,0.0
1186.0,0.09355751000000001,0.058,0.0,0.0264299,0.0
1187.0,0.09333151,0.0396,0.0,0.026409099999999998,0.0
1188.0,0.09302351,0.025500000000000002,0.0,0.026388399999999996,0.0
1189.0,0.09269561000000001,0.002799999999999997,-0.355567,0.026367599999999998,0.0
1190.0,0.09241751000000001,-0.013499999999999998,-0.224347,0.026346899999999996,0.0
1191.0,0.09205261,-0.02729999999999999,-0.0433373,0.026326099999999998,0.0
1192.0,0.09166701,-0.019000000000000003,-0.00748606,0.026305399999999996,0.0
1193.0,0.09126091,0.0050000000000000044,-0.00125835,0.026284599999999998,0.0
1194.0,0.09083241,0.035500000000000004,-9.18778e-05,0.026263899999999996,0.0
1195.0,0.09031131,0.051000000000000004,0.0,0.0262431,0.0
1196.0,0.08983221,0.0685,0.0,0.026222399999999996,0.0
1197.0,0.08925870999999999,0.0526,0.0,0.0262016,0.0
1198.0,0.08872151,0.033600000000000005,0.0,0.026180899999999997,0.0
1199.0,0.08808621,0.0189,0.0,0.0261601,0.0
1200.0,0.08777961000000001,-0.0039000000000000007,0.0,0.026139399999999997,0.0
1201.0,0.08707681,-0.02049999999999999,0.0,0.026127499999999998,0.0
1202.0,0.08626821000000001,-0.0344,0.0,0.0261156,0.0
1203.0,0.08548671,-0.024800000000000003,0.0,0.026103799999999996,0.0
1204.0,0.08459931000000001,-0.0029,0.0,0.026091899999999998,0.0
1205.0,0.08366691000000001,0.02500000000000001,0.0,0.02608,0.0
1206.0,0.08269130999999999,0.0391,0.0,0.026068099999999997,0.0
1207.0,0.08166881000000001,0.055200000000000006,0.0,0.026056199999999998,0.0
1208.0,0.08059751000000001,0.0405,0.0,0.0260444,0.0
1209.0,0.07941250999999999,0.022900000000000004,0.0,0.026032499999999997,0.0
1210.0,0.07818431,0.009400000000000006,0.0,0.026020599999999998,0.0
1211.0,0.07691461,-0.011700000000000002,0.0,0.0260087,0.0
1212.0,0.07560721000000001,-0.026899999999999993,0.0,0.025996799999999997,0.0
1213.0,0.07420091000000001,-0.03979999999999999,0.0,0.0259849,0.0
1214.0,0.07283101,-0.030799999999999994,-4.73715,0.0259731,0.0
1215.0,0.07136781,-0.010599999999999998,-2.91688,0.025961199999999997,0.0
1216.0,0.06994660999999999,0.015,-0.557278,0.025949299999999998,0.0
1217.0,0.06843941,0.027800000000000005,-0.0960209,0.025937399999999996,0.0
1218.0,0.06698381,0.0425,-0.0161295,0.025925499999999997,0.0
1219.0,0.06544770999999999,0.0286,-0.00117095,0.025913699999999998,0.0
1220.0,0.06390171,0.0121,0.0,0.0259018,0.0
1221.0,0.06277901,-0.0007999999999999952,0.0,0.025889899999999997,0.0
1222.0,0.061222809999999996,-0.020599999999999993,0.0,0.025877999999999998,0.0
1223.0,0.05973701,-0.035,0.0,0.025866099999999996,0.0
1224.0,0.05825451,-0.047,0.0,0.025854299999999997,0.0
1225.0,0.05671191,-0.03860000000000001,0.0,0.025842399999999998,0.0
1226.0,0.05524921,-0.020199999999999996,0.0,0.0258305,0.0
1227.0,0.05386651,0.0034000000000000002,0.0,0.025818599999999997,0.0
1228.0,0.05243681,0.0155,0.0,0.0258067,0.0
1229.0,0.05109461,0.029500000000000005,0.0,0.0257949,0.0
1230.0,0.04977841,0.017700000000000007,0.0,0.025782999999999997,0.0
1231.0,0.04849201,0.003799999999999998,0.0,0.025771099999999998,0.0
1232.0,0.04730261,-0.006599999999999995,0.0,0.025759199999999996,0.0
1233.0,0.04608321,-0.0232,-1.41037,0.025747299999999997,0.0
1234.0,0.04503781,-0.034699999999999995,-0.754449,0.0257354,0.0
1235.0,0.04396601,-0.04390000000000001,-0.137413,0.0257236,0.0
1236.0,0.04301041,-0.0402,-0.0234152,0.025711699999999997,0.0
1237.0,0.04216901,-0.017799999999999996,-0.00392201,0.0256998,0.0
1238.0,0.04138211,0.01050000000000001,-0.000303232,0.025687899999999996,0.0
1239.0,0.04101551,0.026000000000000002,0.0,0.025675999999999997,0.0
1240.0,0.04041241,0.0436,0.0,0.025664199999999998,0.0
1241.0,0.03987301,0.032600000000000004,0.0,0.025652299999999996,0.0
1242.0,0.03946891,0.0189,0.0,0.025640399999999997,0.0
1243.0,0.03920351,0.008900000000000005,0.0,0.0256285,0.0
1244.0,0.03901151,-0.008300000000000002,0.0,0.025616599999999996,0.0
1245.0,0.03889661,-0.020199999999999996,0.0,0.025604799999999997,0.0
1246.0,0.03899931,-0.030100000000000002,0.0,0.0255929,0.0
1247.0,0.03918461,-0.0262,0.0,0.025580999999999996,0.0
1248.0,0.03944141,-0.0025000000000000022,0.0,0.025569099999999997,0.0
1249.0,0.03982191,0.027000000000000003,0.0,0.0255572,0.0
1250.0,0.04030551,0.0419,0.0,0.025545399999999996,0.0
1251.0,0.04087691,0.05840000000000001,0.0,0.025533499999999997,0.0
1252.0,0.04144811,0.043000000000000003,0.0,0.0255216,0.0
1253.0,0.04206951,0.024300000000000002,0.0,0.025509699999999996,0.0
1254.0,0.04301711,0.009300000000000003,0.0,0.025497799999999998,0.0
1255.0,0.04354961,-0.013700000000000004,0.0,0.0254859,0.0
1256.0,0.04407951,-0.03119999999999999,0.0,0.025474099999999996,0.0
1257.0,0.04451881,-0.0465,0.0,0.025462199999999997,0.0
1258.0,0.04485061,-0.03269999999999999,0.0,0.0254503,0.0
1259.0,0.04513621,-0.019199999999999995,-20.7035,0.025438399999999996,0.0
1260.0,0.04531801,-0.0015000000000000013,-12.2913,0.025426499999999998,0.0
1261.0,0.04540161,0.0058,-2.29754,0.0254147,0.0
1262.0,0.04546891,0.014399999999999996,-0.393862,0.025402799999999996,0.0
1263.0,0.04539161,0.0,-0.0660729,0.025390899999999997,0.0
1264.0,0.04531291,-0.0165,-0.00482007,0.025379,0.0
1265.0,0.04511041,-0.029899999999999996,0.0,0.025367099999999997,0.0
1266.0,0.044927009999999996,-0.04859999999999999,0.0,0.025355299999999997,0.0
1267.0,0.04463871,-0.06280000000000001,0.0,0.0253434,0.0
1268.0,0.04474841,-0.07479999999999999,0.0,0.025331499999999996,0.0
1269.0,0.04441001,-0.0624,-1.57271,0.025319599999999998,0.0
1270.0,0.04412811,-0.053699999999999984,-0.841292,0.0253077,0.0
1271.0,0.04377911,-0.041599999999999984,-0.15323,0.025295799999999997,0.0
1272.0,0.04343891,-0.0358,-0.0261104,0.025283999999999997,0.0
1273.0,0.04305071,-0.0286,-0.00437327,0.0252721,0.0
1274.0,0.04269021,-0.0359,-0.000338196,0.025260199999999997,0.0
1275.0,0.04236881,-0.04429999999999999,0.0,0.025248299999999998,0.0
1276.0,0.04209231,-0.0503,-6.21896,0.0252364,0.0
1277.0,0.04180561,-0.05969999999999999,-3.38079,0.025224599999999996,0.0
1278.0,0.04157331,-0.06599999999999999,-0.61838,0.025212699999999998,0.0
1279.0,0.04133481,-0.0709,-0.105477,0.0252008,0.0
1280.0,0.04115651,-0.0687,-0.0176715,0.025188899999999997,0.0
1281.0,0.04140031,-0.0553,-0.00135374,0.025176999999999998,0.0
1282.0,0.04127991,-0.03860000000000001,0.0,0.0251652,0.0
1283.0,0.04122351,-0.029399999999999996,0.0,0.025153299999999996,0.0
1284.0,0.04116691,-0.019199999999999995,0.0,0.025141399999999998,0.0
1285.0,0.04118011,-0.025800000000000003,-4.68397,0.0251295,0.0
1286.0,0.04119511,-0.034199999999999994,-2.69805,0.025117599999999997,0.0
1287.0,0.04128171,-0.04059999999999998,-0.500725,0.025105799999999998,0.0
1288.0,0.04144001,-0.05139999999999999,-0.0856971,0.0250939,0.0
1289.0,0.04160781,-0.059300000000000005,-0.0143701,0.025081999999999997,0.0
1290.0,0.04185101,-0.0661,-0.00106545,0.025070099999999998,0.0
1291.0,0.04217161,-0.06169999999999999,0.0,0.0250582,0.0
1292.0,0.04250361,-0.05109999999999999,0.0,0.025046299999999997,0.0
1293.0,0.04285071,-0.0377,0.0,0.025034499999999998,0.0
1294.0,0.04370871,-0.0315,0.0,0.0250226,0.0
1295.0,0.04422181,-0.024599999999999997,0.0,0.025010699999999997,0.0
1296.0,0.04475381,-0.03359999999999999,0.0,0.024998799999999998,0.0
1297.0,0.04537241,-0.04440000000000001,0.0,0.024986899999999996,0.0
1298.0,0.04607771,-0.0533,0.0,0.024975099999999997,0.0
1299.0,0.04680921,-0.0662,0.0,0.024963199999999998,0.0
1300.0,0.04762921,-0.07629999999999999,0.0,0.0249513,0.0
1301.0,0.04854331,-0.08519999999999998,0.0,0.024930499999999998,0.0
1302.0,0.04948531,-0.07559999999999999,0.0,0.024909699999999996,0.0
1303.0,0.05052311,-0.07229999999999999,0.0,0.0248888,0.0
1304.0,0.05165661,-0.06729999999999998,0.0,0.024867999999999998,0.0
1305.0,0.05282351,-0.06579999999999998,0.0,0.024847199999999996,0.0
1306.0,0.05409151,-0.06369999999999999,0.0,0.0248264,0.0
1307.0,0.05582071,-0.06949999999999999,0.0,0.024805599999999997,0.0
1308.0,0.05721531,-0.076,-0.119729,0.024784699999999996,0.0
1309.0,0.05868261,-0.0813,-0.0640467,0.0247639,0.0
1310.0,0.060141209999999994,-0.08850000000000001,-0.0116652,0.024743099999999997,0.0
1311.0,0.06163661,-0.0941,-0.00198781,0.0247223,0.0
1312.0,0.06314991,-0.0989,-0.000332959,0.0247014,0.0
1313.0,0.06466431,-0.0929,-2.57192e-05,0.024680599999999997,0.0
1314.0,0.06615900999999999,-0.09199999999999998,0.0,0.0246598,0.0
1315.0,0.06755090999999999,-0.0903,0.0,0.024638999999999998,0.0
1316.0,0.06895391000000001,-0.09000000000000001,0.0,0.024618199999999996,0.0
1317.0,0.07021841000000001,-0.0893,-0.185681,0.0245973,0.0
1318.0,0.07138841000000001,-0.0918,-0.0993267,0.024576499999999998,0.0
1319.0,0.07281091,-0.0944,-0.0180909,0.024555699999999996,0.0
1320.0,0.07374341000000001,-0.09649999999999999,-0.00308286,0.0245349,0.0
1321.0,0.07452930999999999,-0.0992,-0.00051627,0.024514099999999997,0.0
1322.0,0.07514791000000001,-0.1012,-3.99185e-05,0.024493199999999996,0.0
1323.0,0.07558451,-0.10279999999999999,0.0,0.0244724,0.0
1324.0,0.07581851,-0.1014,0.0,0.024451599999999997,0.0
1325.0,0.07583131000000001,-0.09949999999999999,0.0,0.0244308,0.0
1326.0,0.07567281000000001,-0.09699999999999999,0.0,0.0244099,0.0
1327.0,0.07519101,-0.0954,0.0,0.024389099999999997,0.0
1328.0,0.07450050999999999,-0.09330000000000001,0.0,0.0243683,0.0
1329.0,0.07351590999999999,-0.0934,-1.26018,0.024347499999999998,0.0
1330.0,0.07222031000000001,-0.09330000000000001,-0.838234,0.024326699999999996,0.0
1331.0,0.07066341000000001,-0.0924,-0.160614,0.0243058,0.0
1332.0,0.06909571,-0.0916,-0.0276871,0.024284999999999998,0.0
1333.0,0.06695140999999999,-0.09000000000000001,-0.00465132,0.024264199999999996,0.0
1334.0,0.06462021000000001,-0.0876,-0.000320615,0.0242434,0.0
1335.0,0.06199801,-0.09469999999999999,0.0,0.024222599999999997,0.0
1336.0,0.05924281,-0.08159999999999999,0.0,0.024201699999999996,0.0
1337.0,0.05638431,-0.0659,0.0,0.024180899999999998,0.0
1338.0,0.05331471,-0.055099999999999996,0.0,0.024160099999999997,0.0
1339.0,0.05019591,-0.04329999999999999,0.0,0.0241393,0.0
1340.0,0.04698891,-0.04329999999999999,0.0,0.024118399999999998,0.0
1341.0,0.04372001,-0.044099999999999986,0.0,0.024097599999999997,0.0
1342.0,0.04041911,-0.0432,-2.94686,0.0240768,0.0
1343.0,0.03717971,-0.04509999999999999,-1.62319,0.024055999999999998,0.0
1344.0,0.03396291,-0.04459999999999999,-0.297907,0.024035199999999996,0.0
1345.0,0.03079531,-0.043,-0.0508544,0.0240143,0.0
1346.0,0.028135809999999997,-0.0553,-0.0085217,0.023993499999999997,0.0
1347.0,0.025153509999999997,-0.026999999999999996,-0.000647897,0.023972699999999996,0.0
1348.0,0.02237081,0.007300000000000001,0.0,0.0239758,0.0
1349.0,0.01975311,0.0279,0.0,0.023978999999999997,0.0
1350.0,0.01732501,0.0504,0.0,0.0239821,0.0
1351.0,0.015102109999999998,0.042800000000000005,0.0,0.023985199999999998,0.0
1352.0,0.013147909999999999,0.032200000000000006,0.0,0.023988399999999997,0.0
1353.0,0.011386009999999998,0.0252,0.0,0.0239915,0.0
1354.0,0.00980911,0.010599999999999998,0.0,0.023994699999999997,0.0
1355.0,0.00841171,0.0012000000000000066,0.0,0.023997799999999996,0.0
1356.0,0.00725141,-0.006199999999999997,0.0,0.0240009,0.0
1357.0,0.00625381,-0.010399999999999993,0.0,0.024004099999999997,0.0
1358.0,0.005413309999999999,0.024300000000000002,0.0,0.024007199999999996,0.0
1359.0,0.00478571,0.0669,-0.110597,0.0240103,0.0
1360.0,0.00430001,0.09,-0.0591618,0.024013499999999997,0.0
1361.0,0.0043738100000000005,0.11560000000000001,-0.0107755,0.0240166,0.0
1362.0,0.004145909999999999,0.0983,-0.00183608,0.024019699999999998,0.0
1363.0,0.00410051,0.0767,-0.000307545,0.024022899999999996,0.0
1364.0,0.00423401,0.060300000000000006,-2.37877e-05,0.024026,0.0
1365.0,0.004400909999999999,0.033100000000000004,0.0,0.024029099999999998,0.0
1366.0,0.004729509999999999,0.013600000000000001,0.0,0.024032299999999996,0.0
1367.0,0.005143409999999999,-0.0030000000000000027,0.0,0.0240354,0.0
1368.0,0.005636809999999999,0.006400000000000003,0.0,0.024038599999999997,0.0
1369.0,0.00620211,0.0364,0.0,0.0240417,0.0
1370.0,0.00682991,0.0743,0.0,0.024044799999999998,0.0
1371.0,0.00751451,0.09280000000000001,-0.336507,0.024047999999999996,0.0
1372.0,0.00824821,0.1136,-0.212321,0.0240511,0.0
1373.0,0.00901971,0.09190000000000001,-0.0410142,0.024054199999999998,0.0
1374.0,0.009825110000000001,0.0661,-0.00708471,0.024057399999999996,0.0
1375.0,0.01058831,0.045500000000000006,-0.00119096,0.0240605,0.0
1376.0,0.01143711,0.014399999999999996,-8.69099e-05,0.024063599999999997,0.0
1377.0,0.012228510000000001,-0.008899999999999991,0.0,0.0240668,0.0
1378.0,0.01344801,-0.028999999999999998,0.0,0.024069899999999998,0.0
1379.0,0.01423541,-0.011099999999999999,0.0,0.024072999999999997,0.0
1380.0,0.014942609999999999,0.008599999999999997,0.0,0.0240762,0.0
1381.0,0.015695709999999998,0.0345,0.0,0.024079299999999998,0.0
1382.0,0.016353509999999998,0.046200000000000005,-0.534721,0.024082499999999996,0.0
1383.0,0.01690861,0.060000000000000005,-0.286039,0.0240856,0.0
1384.0,0.01748491,0.042100000000000005,-0.0520982,0.024088699999999998,0.0
1385.0,0.01787871,0.021199999999999997,-0.0088776,0.024091899999999996,0.0
1386.0,0.01827841,0.004500000000000004,-0.00148699,0.024095,0.0
1387.0,0.01847671,-0.0199,-0.000114995,0.024098099999999997,0.0
1388.0,0.01866981,-0.03810000000000001,0.0,0.0241013,0.0
1389.0,0.01864431,-0.0538,0.0,0.024104399999999998,0.0
1390.0,0.01853171,-0.03849999999999999,0.0,0.024107499999999997,0.0
1391.0,0.01832071,-0.0252,0.0,0.0241107,0.0
1392.0,0.01787971,-0.007400000000000004,0.0,0.024113799999999998,0.0
1393.0,0.01735531,0.0005000000000000004,0.0,0.024116899999999997,0.0
1394.0,0.01675521,0.009900000000000006,0.0,0.0241201,0.0
1395.0,0.01602571,-0.0029,0.0,0.024123199999999997,0.0
1396.0,0.015176209999999999,-0.017799999999999996,0.0,0.0241264,0.0
1397.0,0.01435361,-0.029799999999999993,0.0,0.024129499999999998,0.0
1398.0,0.01343171,-0.047299999999999995,0.0,0.024132599999999997,0.0
1399.0,0.01248881,-0.06069999999999999,0.0,0.0241358,0.0
1400.0,0.01153811,-0.0724,0.0,0.024138899999999998,0.0
1401.0,0.01065601,-0.059800000000000006,0.0,0.024107899999999998,0.0
1402.0,0.009719909999999998,-0.0533,0.0,0.0240769,0.0
1403.0,0.009235009999999998,-0.04429999999999999,0.0,0.0240459,0.0
1404.0,0.008422409999999998,-0.0412,0.0,0.0240149,0.0
1405.0,0.007724109999999999,-0.037299999999999986,0.0,0.0239839,0.0
1406.0,0.00714771,-0.046700000000000005,0.0,0.0239529,0.0
1407.0,0.006637509999999999,-0.057300000000000004,0.0,0.023921899999999996,0.0
1408.0,0.00627401,-0.0662,0.0,0.023890899999999996,0.0
1409.0,0.0060667099999999995,-0.0783,0.0,0.023859899999999996,0.0
1410.0,0.00602691,-0.08789999999999999,0.0,0.023828899999999997,0.0
1411.0,0.00616411,-0.0964,0.0,0.023797899999999997,0.0
1412.0,0.006489709999999999,-0.08539999999999999,0.0,0.023766899999999997,0.0
1413.0,0.00700751,-0.0858,0.0,0.023735899999999997,0.0
1414.0,0.00778241,-0.0853,0.0,0.023704899999999998,0.0
1415.0,0.00874741,-0.0863,0.0,0.023673899999999998,0.0
1416.0,0.00983711,-0.0868,0.0,0.023642899999999998,0.0
1417.0,0.01118361,-0.0909,-0.778091,0.023611899999999998,0.0
1418.0,0.012650809999999998,-0.0951,-0.461797,0.0235809,0.0
1419.0,0.014307509999999999,-0.0987,-0.0863148,0.0235499,0.0
1420.0,0.01615161,-0.103,-0.0147964,0.0235189,0.0
1421.0,0.01811601,-0.1065,-0.00248214,0.0234879,0.0
1422.0,0.02020061,-0.10959999999999999,-0.000181121,0.0234569,0.0
1423.0,0.02240351,-0.10590000000000001,0.0,0.023425899999999996,0.0
1424.0,0.02472651,-0.10729999999999999,0.0,0.023394899999999996,0.0
1425.0,0.027167610000000002,-0.1088,0.0,0.023363899999999996,0.0
1426.0,0.02966001,-0.1102,0.0,0.023332799999999997,0.0
1427.0,0.03226851,-0.11159999999999999,0.0,0.023301799999999998,0.0
1428.0,0.03499481,-0.113,0.0,0.023270799999999998,0.0
1429.0,0.03777041,-0.11439999999999999,0.0,0.023239799999999998,0.0
1430.0,0.04058591,-0.11589999999999999,0.0,0.023208799999999998,0.0
1431.0,0.04331491,-0.11739999999999999,0.0,0.0231778,0.0
1432.0,0.04580311,-0.11900000000000001,0.0,0.0231468,0.0
1433.0,0.04808671,-0.12069999999999999,0.0,0.0231158,0.0
1434.0,0.05003551,-0.12249999999999998,0.0,0.0230848,0.0
1435.0,0.05178031,-0.12449999999999999,0.0,0.0230538,0.0
1436.0,0.05326081,-0.1266,0.0,0.023022799999999996,0.0
1437.0,0.05447701,-0.12890000000000001,0.0,0.022991799999999996,0.0
1438.0,0.05549731,-0.13129999999999997,0.0,0.022960799999999996,0.0
1439.0,0.05625551,-0.13379999999999997,0.0,0.022929799999999997,0.0
1440.0,0.056753710000000006,-0.13629999999999998,0.0,0.022898799999999997,0.0
1441.0,0.057061709999999995,-0.13890000000000002,0.0,0.022867799999999997,0.0
1442.0,0.057179810000000005,-0.14139999999999997,0.0,0.022836799999999997,0.0
1443.0,0.05704361,-0.14389999999999997,0.0,0.022805799999999998,0.0
1444.0,0.05672111,-0.14629999999999999,0.0,0.022774799999999998,0.0
1445.0,0.05614601,-0.1486,0.0,0.022743799999999998,0.0
1446.0,0.05545471,-0.1507,0.0,0.0227128,0.0
1447.0,0.05451451,-0.1526,0.0,0.0226818,0.0
1448.0,0.05339161,-0.1543,0.0,0.0226508,0.0
1449.0,0.05202521,-0.1558,0.0,0.0226198,0.0
1450.0,0.05054981,-0.15699999999999997,0.0,0.0225888,0.0
1451.0,0.04891401,-0.15810000000000002,0.0,0.022557799999999996,0.0
1452.0,0.04714021,-0.15889999999999999,0.0,0.022526799999999996,0.0
1453.0,0.04517881,-0.15949999999999998,-12.2791,0.022495799999999996,0.0
1454.0,0.04318721,-0.1599,-6.94005,0.022464799999999997,0.0
1455.0,0.04105111,-0.15999999999999998,-1.28201,0.022433799999999997,0.0
1456.0,0.03892421,-0.1598,-0.219177,0.022402799999999997,0.0
1457.0,0.03669421,-0.1594,-0.0367425,0.022371799999999997,0.0
1458.0,0.03437991,-0.1588,-0.00275284,0.022340799999999997,0.0
1459.0,0.03213501,-0.15810000000000002,0.0,0.022309799999999998,0.0
1460.0,0.02984921,-0.15710000000000002,-1.40091,0.022278799999999998,0.0
1461.0,0.027541410000000002,-0.15610000000000002,-0.931844,0.022247799999999998,0.0
1462.0,0.02536351,-0.15489999999999998,-0.17855,0.0222168,0.0
1463.0,0.02320721,-0.1537,-0.030779,0.0221858,0.0
1464.0,0.02115601,-0.15239999999999998,-0.00517082,0.0221548,0.0
1465.0,0.01929961,-0.1511,-0.00035644,0.0221238,0.0
1466.0,0.01752341,-0.1497,0.0,0.0220928,0.0
1467.0,0.01598391,-0.14839999999999998,0.0,0.022061799999999996,0.0
1468.0,0.014700109999999999,-0.14700000000000002,0.0,0.022030799999999996,0.0
1469.0,0.01362441,-0.1457,0.0,0.021999799999999996,0.0
1470.0,0.012846409999999999,-0.14450000000000002,0.0,0.021968799999999997,0.0
1471.0,0.012305009999999998,-0.1432,0.0,0.021937799999999997,0.0
1472.0,0.011759209999999999,-0.14189999999999997,0.0,0.021906799999999997,0.0
1473.0,0.011855810000000001,-0.1406,0.0,0.021875799999999997,0.0
1474.0,0.01215701,-0.13929999999999998,0.0,0.021844799999999998,0.0
1475.0,0.01271821,-0.138,-0.336864,0.0218137,0.0
1476.0,0.01352791,-0.1366,-0.180199,0.0217827,0.0
1477.0,0.01457851,-0.1352,-1.05671,0.0217517,0.0
1478.0,0.01578791,-0.13379999999999997,-0.551232,0.0217207,0.0
1479.0,0.01728201,-0.13219999999999998,-0.104006,0.0216897,0.0
1480.0,0.01884911,-0.1306,-0.017865,0.021658699999999996,0.0
1481.0,0.02067961,-0.12879999999999997,-0.602614,0.021627699999999996,0.0
1482.0,0.02256021,-0.127,-0.209155,0.021596699999999996,0.0
1483.0,0.02468311,-0.1251,-0.0384399,0.021565699999999997,0.0
1484.0,0.026833210000000003,-0.12319999999999999,-0.00656193,0.021534699999999997,0.0
1485.0,0.02920441,-0.1211,-0.00109958,0.021503699999999997,0.0
1486.0,0.03158561,-0.1191,0.0,0.021472699999999997,0.0
1487.0,0.03409661,-0.117,0.0,0.021441699999999998,0.0
1488.0,0.03666121,-0.11489999999999999,0.0,0.021410699999999998,0.0
1489.0,0.03933641,-0.1135,0.0,0.021379699999999998,0.0
1490.0,0.04204241,-0.1108,0.0,0.021348699999999998,0.0
1491.0,0.04477171,-0.10809999999999999,0.0,0.0213177,0.0
1492.0,0.04751301,-0.10559999999999999,0.0,0.0212867,0.0
1493.0,0.05025481,-0.10309999999999998,0.0,0.0212557,0.0
1494.0,0.052624409999999996,-0.10129999999999999,0.0,0.0212247,0.0
1495.0,0.05540171,-0.0997,0.0,0.021193699999999996,0.0
1496.0,0.058083310000000006,-0.09799999999999999,0.0,0.021162699999999996,0.0
1497.0,0.060722309999999995,-0.0967,0.0,0.021131699999999996,0.0
1498.0,0.06330941000000001,-0.09530000000000001,0.0,0.021100699999999997,0.0
1499.0,0.06583521,-0.09399999999999999,0.0,0.021069699999999997,0.0
1500.0,0.06828671,-0.0976,0.0,0.021038699999999997,0.0
1501.0,0.07065641,-0.09280000000000001,0.0,0.020980999999999996,0.0
1502.0,0.07293121,-0.0873,0.0,0.020923399999999998,0.0
1503.0,0.07504551000000001,-0.08419999999999998,0.0,0.020865699999999997,0.0
1504.0,0.07706151,-0.081,-0.110026,0.020808099999999996,0.0
1505.0,0.07892101000000001,-0.0828,-0.0731859,0.0207504,0.0
1506.0,0.08068991,-0.08519999999999998,-0.0140232,0.020692799999999997,0.0
1507.0,0.08230631,-0.0871,-0.00241731,0.020635099999999997,0.0
1508.0,0.08347451,-0.0904,-0.000406154,0.0205775,0.0
1509.0,0.08479201,-0.09299999999999999,-2.7952e-05,0.020519799999999998,0.0
1510.0,0.08602691000000001,-0.09530000000000001,0.0,0.020462199999999996,0.0
1511.0,0.08718661,-0.0934,0.0,0.0204045,0.0
1512.0,0.08813810999999999,-0.0914,0.0,0.020346899999999998,0.0
1513.0,0.08908200999999999,-0.08869999999999999,-0.271227,0.020289199999999997,0.0
1514.0,0.08982351,-0.0878,-0.180412,0.0202316,0.0
1515.0,0.09056311,-0.0868,-0.0345687,0.020173899999999998,0.0
1516.0,0.09110600999999999,-0.0896,-0.00595902,0.020116299999999997,0.0
1517.0,0.09165081,-0.09269999999999999,-0.0010011,0.020058599999999996,0.0
1518.0,0.09206821000000001,-0.0954,-6.90035e-05,0.0200009,0.0
1519.0,0.09206581,-0.0989,0.0,0.019943299999999997,0.0
1520.0,0.09236711,-0.1017,0.0,0.019885599999999996,0.0
1521.0,0.09255041,-0.10409999999999998,0.0,0.019828,0.0
1522.0,0.09268330999999999,-0.10129999999999999,0.0,0.019770299999999998,0.0
1523.0,0.09282951,-0.10099999999999999,0.0,0.019712699999999996,0.0
1524.0,0.09286451000000001,-0.1002,0.0,0.019655,0.0
1525.0,0.09285551,-0.0999,0.0,0.019597399999999997,0.0
1526.0,0.09287050999999999,-0.09929999999999999,0.0,0.019539699999999997,0.0
1527.0,0.09277851000000001,-0.0999,-0.226449,0.0194821,0.0
1528.0,0.09235310999999999,-0.10049999999999999,-0.150627,0.019424399999999998,0.0
1529.0,0.09225391,-0.1007,-0.0288614,0.019366799999999997,0.0
1530.0,0.09212291,-0.10099999999999999,-0.00497524,0.0193091,0.0
1531.0,0.09202571000000001,-0.1009,-0.000835773,0.019251499999999998,0.0
1532.0,0.09189291,-0.10049999999999999,-5.76059e-05,0.019193799999999997,0.0
1533.0,0.09172641000000001,-0.10229999999999999,0.0,0.0191362,0.0
1534.0,0.09158981,-0.09799999999999999,0.0,0.019078499999999998,0.0
1535.0,0.09105200999999999,-0.09269999999999999,-0.310356,0.019020799999999997,0.0
1536.0,0.09083490999999999,-0.08900000000000001,-0.271734,0.018963199999999996,0.0
1537.0,0.09064021,-0.085,-0.0507705,0.0189055,0.0
1538.0,0.09040430999999999,-0.08489999999999999,-0.00870643,0.018847899999999997,0.0
1539.0,0.09018691000000001,-0.0851,-0.00146064,0.018790199999999996,0.0
1540.0,0.08985520999999999,-0.08469999999999998,-0.00015829,0.0187326,0.0
1541.0,0.08954211000000001,-0.0853,0.0,0.018674899999999998,0.0
1542.0,0.08887991,-0.085,0.0,0.018617299999999996,0.0
1543.0,0.08846351,-0.08439999999999999,0.0,0.0185596,0.0
1544.0,0.08805610999999999,-0.08869999999999999,0.0,0.018501999999999998,0.0
1545.0,0.08752681000000001,-0.079,0.0,0.018444299999999997,0.0
1546.0,0.08700661000000001,-0.0674,0.0,0.0183867,0.0
1547.0,0.08642601,-0.060399999999999995,0.0,0.018328999999999998,0.0
1548.0,0.08578531,-0.0528,0.0,0.018271399999999997,0.0
1549.0,0.08471661,-0.05550000000000001,0.0,0.018213699999999996,0.0
1550.0,0.08388240999999999,-0.059300000000000005,0.0,0.018156,0.0
1551.0,0.08305320999999999,-0.0619,0.0,0.018098399999999997,0.0
1552.0,0.08212080999999999,-0.0671,0.0,0.018040699999999996,0.0
1553.0,0.08123831000000001,-0.0704,0.0,0.0179831,0.0
1554.0,0.08023071000000001,-0.07309999999999998,0.0,0.017925399999999998,0.0
1555.0,0.07888891,-0.07409999999999999,0.0,0.017867799999999996,0.0
1556.0,0.07789451,-0.06280000000000001,0.0,0.0178101,0.0
1557.0,0.07690601,-0.048899999999999985,0.0,0.017752499999999997,0.0
1558.0,0.07587911,-0.041400000000000006,0.0,0.017694799999999997,0.0
1559.0,0.07490341,-0.03319999999999999,0.0,0.0176372,0.0
1560.0,0.07393441,-0.03899999999999999,0.0,0.017579499999999998,0.0
1561.0,0.07305791,-0.046299999999999994,0.0,0.017521899999999997,0.0
1562.0,0.07213981,-0.05189999999999999,0.0,0.0174642,0.0
1563.0,0.07092541,-0.060999999999999985,0.0,0.017406599999999998,0.0
1564.0,0.06998410999999999,-0.06760000000000001,0.0,0.017348899999999997,0.0
1565.0,0.06906311000000001,-0.07309999999999998,0.0,0.0172913,0.0
1566.0,0.06813601,-0.06999999999999999,0.0,0.017233599999999998,0.0
1567.0,0.06718391000000001,-0.0601,0.0,0.017175899999999997,0.0
1568.0,0.06611450999999999,-0.0475,0.0,0.017118299999999996,0.0
1569.0,0.06503811000000001,-0.041099999999999984,0.0,0.0170606,0.0
1570.0,0.06393030999999999,-0.0339,0.0,0.017002999999999997,0.0
1571.0,0.06233851000000001,-0.04059999999999998,0.0,0.016945299999999996,0.0
1572.0,0.06109991,-0.0485,0.0,0.0168877,0.0
1573.0,0.059694409999999996,-0.054599999999999996,0.0,0.016829999999999998,0.0
1574.0,0.058231109999999996,-0.0641,0.0,0.016772399999999996,0.0
1575.0,0.056680409999999994,-0.0709,0.0,0.0167147,0.0
1576.0,0.05494591,-0.07659999999999999,0.0,0.016657099999999998,0.0
1577.0,0.05306591,-0.0732,0.0,0.016599399999999997,0.0
1578.0,0.05101021,-0.0634,0.0,0.0165418,0.0
1579.0,0.04868041,-0.0508,0.0,0.016484099999999998,0.0
1580.0,0.04611291,-0.044099999999999986,0.0,0.016426499999999997,0.0
1581.0,0.04321261,-0.0363,0.0,0.0163688,0.0
1582.0,0.04001571,-0.041599999999999984,0.0,0.016311199999999998,0.0
1583.0,0.03648991,-0.048,0.0,0.016253499999999997,0.0
1584.0,0.03253951,-0.0523,0.0,0.016195799999999996,0.0
1585.0,0.028200509999999998,-0.0596,-1.54804,0.0161382,0.0
1586.0,0.02344191,-0.06399999999999999,-1.02971,0.016080499999999998,0.0
1587.0,0.01816541,-0.06699999999999999,-0.197302,0.016022899999999996,0.0
1588.0,0.012406509999999999,-0.06910000000000001,-0.0340115,0.0159652,0.0
1589.0,0.00613901,-0.0518,-0.00571386,0.015907599999999997,0.0
1590.0,-0.0006452899999999998,-0.030299999999999994,-0.000393897,0.015849899999999997,0.0
1591.0,-0.007845578,-0.0175,0.0,0.0157923,0.0
1592.0,-0.01523043,-0.0030999999999999917,0.0,0.015734599999999998,0.0
1593.0,-0.02280519,-0.008199999999999999,0.0,0.015676999999999996,0.0
1594.0,-0.03051559,-0.014899999999999997,-0.967977,0.0156193,0.0
1595.0,-0.03830899,-0.018799999999999997,-0.517802,0.015561699999999998,0.0
1596.0,-0.04613429,-0.027399999999999994,-0.0943104,0.015503999999999997,0.0
1597.0,-0.05393639,-0.032,-0.0160706,0.015446399999999999,0.0
1598.0,-0.06166369,-0.035,-0.0026917,0.015388699999999998,0.0
1599.0,-0.06932949,-0.041400000000000006,-0.00020816,0.015331099999999997,0.0
1600.0,-0.07674349,-0.012399999999999994,0.0,0.015273399999999996,0.0
1601.0,-0.08392039000000001,0.023000000000000007,-4.76422,0.015219599999999996,0.0
1602.0,-0.09087439,0.0434,-1.93677,0.015165899999999996,0.0
1603.0,-0.09747969000000001,0.0658,-0.357171,0.015112099999999996,0.0
1604.0,-0.10332079,0.0551,-0.0610235,0.015058399999999996,0.0
1605.0,-0.10906648999999999,0.040900000000000006,-0.0102283,0.015004599999999996,0.0
1606.0,-0.11436249000000001,0.030500000000000006,-0.000275107,0.014950799999999997,0.0
1607.0,-0.11908249000000001,0.011800000000000005,0.0,0.014897099999999996,0.0
1608.0,-0.12323849,-0.0011999999999999927,0.0,0.014843299999999997,0.0
1609.0,-0.12640749,-0.011999999999999997,0.0,0.014789499999999997,0.0
1610.0,-0.12925749,-0.016,0.0,0.014735799999999997,0.0
1611.0,-0.13143449,-0.019000000000000003,0.0,0.014681999999999997,0.0
1612.0,-0.13281049,0.0507,0.0,0.014628299999999997,0.0
1613.0,-0.13362249,0.0703,0.0,0.014574499999999997,0.0
1614.0,-0.13341749,0.0833,0.0,0.014520699999999997,0.0
1615.0,-0.13302749,0.033800000000000004,0.0,0.014466999999999997,0.0
1616.0,-0.13200149,-0.03910000000000001,0.0,0.014413199999999998,0.0
1617.0,-0.13022049,-0.0611,0.0,0.014359399999999998,0.0
1618.0,-0.12824949,-0.06299999999999999,0.0,0.014305699999999998,0.0
1619.0,-0.12590449,-0.047200000000000006,0.0,0.014251899999999998,0.0
1620.0,-0.12316249000000001,-0.047899999999999984,-0.530663,0.014198199999999998,0.0
1621.0,-0.11970149,-0.04859999999999999,-0.283868,0.014144399999999998,0.0
1622.0,-0.11629349,-0.0493,-0.0517028,0.014090599999999998,0.0
1623.0,-0.11225349000000001,-0.049899999999999986,-0.00881024,0.014036899999999998,0.0
1624.0,-0.10834848999999999,-0.0571,-0.00147575,0.013983099999999998,0.0
1625.0,-0.10432649,-0.0189,-0.000114093,0.013929299999999999,0.0
1626.0,-0.09973799,-0.038400000000000004,0.0,0.013875599999999998,0.0
1627.0,-0.09541379,-0.05189999999999999,0.0,0.013821799999999999,0.0
1628.0,-0.09067099,-0.05009999999999999,0.0,0.013768099999999998,0.0
1629.0,-0.08634409000000001,-0.0606,0.0,0.013714299999999999,0.0
1630.0,-0.08204369,-0.08669999999999999,0.0,0.013660499999999999,0.0
1631.0,-0.07742719,-0.08519999999999998,0.0,0.013606799999999995,0.0
1632.0,-0.07330549,-0.09099999999999998,0.0,0.013552999999999996,0.0
1633.0,-0.06890989,-0.07390000000000001,0.0,0.013499299999999999,0.0
1634.0,-0.06504899,-0.08789999999999999,0.0,0.013445499999999999,0.0
1635.0,-0.06095039,-0.08700000000000001,0.0,0.0133917,0.0
1636.0,-0.05742629,-0.09280000000000001,0.0,0.013337999999999996,0.0
1637.0,-0.05377079,-0.0934,0.0,0.013284199999999996,0.0
1638.0,-0.05072739,-0.011799999999999991,0.0,0.013230399999999996,0.0
1639.0,-0.04788939,-0.0025000000000000022,0.0,0.0131767,0.0
1640.0,-0.04497839,-0.0778,0.0,0.0131229,0.0
1641.0,-0.04273429,-0.0974,0.0,0.013069199999999996,0.0
1642.0,-0.04036769,-0.041599999999999984,-4.95958,0.013015399999999996,0.0
1643.0,-0.03872789,-0.0798,-1.60448,0.012961599999999997,0.0
1644.0,-0.03695569,-0.0894,-0.290778,0.0129079,0.0
1645.0,-0.03576369,-0.10379999999999999,-0.0494718,0.0128541,0.0
1646.0,-0.03442729,-0.10379999999999999,-0.00828274,0.0128003,0.0
1647.0,-0.03329809,-0.1039,0.0,0.012746599999999997,0.0
1648.0,-0.03273509,-0.10429999999999999,0.0,0.012692799999999997,0.0
1649.0,-0.03194189,-0.1047,0.0,0.0126391,0.0
1650.0,-0.03170109,-0.10490000000000001,0.0,0.0125853,0.0
1651.0,-0.03121449,-0.105,0.0,0.012531500000000001,0.0
1652.0,-0.031194490000000002,-0.1002,0.0,0.012477799999999997,0.0
1653.0,-0.030909390000000002,-0.104,0.0,0.012423999999999998,0.0
1654.0,-0.03106779,-0.10540000000000001,0.0,0.0123703,0.0
1655.0,-0.03093829,-0.1072,0.0,0.012316500000000001,0.0
1656.0,-0.03094079,-0.10729999999999999,0.0,0.012262699999999994,0.0
1657.0,-0.03128749,-0.1082,0.0,0.012208999999999998,0.0
1658.0,-0.03138449,-0.1092,0.0,0.012155199999999998,0.0
1659.0,-0.03194169,-0.1095,0.0,0.012101399999999998,0.0
1660.0,-0.03215989,-0.1072,0.0,0.012047699999999995,0.0
1661.0,-0.03238819,-0.10859999999999999,0.0,0.011993899999999995,0.0
1662.0,-0.03304609,-0.1095,0.0,0.011940199999999998,0.0
1663.0,-0.03333279,-0.1095,0.0,0.011886399999999998,0.0
1664.0,-0.03402819,-0.1095,0.0,0.011832599999999999,0.0
1665.0,-0.03439979,-0.1095,0.0,0.011778899999999995,0.0
1666.0,-0.03473029,-0.1095,0.0,0.011725099999999995,0.0
1667.0,-0.03543689,-0.1095,0.0,0.011671299999999996,0.0
1668.0,-0.03572099,-0.10959999999999999,0.0,0.011617599999999999,0.0
1669.0,-0.03600179,-0.10959999999999999,0.0,0.011563799999999999,0.0
1670.0,-0.03669249,-0.10959999999999999,0.0,0.011510099999999995,0.0
1671.0,-0.03693209,-0.1085,0.0,0.011456299999999996,0.0
1672.0,-0.03713389,-0.10909999999999999,0.0,0.011402499999999996,0.0
1673.0,-0.037716490000000005,-0.10959999999999999,0.0,0.0113488,0.0
1674.0,-0.03787989,-0.1093,-1.2549,0.011295,0.0
1675.0,-0.03797649,-0.10959999999999999,-0.911779,0.0112412,0.0
1676.0,-0.03842089,-0.1075,-0.171321,0.011187499999999996,0.0
1677.0,-0.03841549,-0.10939999999999998,-0.0294098,0.011133699999999996,0.0
1678.0,-0.03844269,-0.1095,-0.00493565,0.01108,0.0
1679.0,-0.03872039,-0.1097,-0.000451756,0.0110262,0.0
1680.0,-0.03858359,-0.1087,0.0,0.0109724,0.0
1681.0,-0.03844849,-0.1097,0.0,0.010918699999999996,0.0
1682.0,-0.03853099,-0.1097,0.0,0.010864899999999997,0.0
1683.0,-0.03823829,-0.1097,0.0,0.0108112,0.0
1684.0,-0.037881189999999995,-0.108,0.0,0.0107574,0.0
1685.0,-0.037541290000000005,-0.1097,0.0,0.0107036,0.0
1686.0,-0.03752739,-0.10890000000000001,0.0,0.010649899999999997,0.0
1687.0,-0.03713979,-0.1095,0.0,0.010596099999999997,0.0
1688.0,-0.03675359,-0.10890000000000001,0.0,0.010542299999999998,0.0
1689.0,-0.03631789,-0.10909999999999999,0.0,0.0104886,0.0
1690.0,-0.03634579,-0.1092,0.0,0.010434800000000001,0.0
1691.0,-0.03599569,-0.109,0.0,0.010381099999999997,0.0
1692.0,-0.03570699,-0.1087,0.0,0.010327299999999998,0.0
1693.0,-0.03578389,-0.10859999999999999,0.0,0.010273499999999998,0.0
1694.0,-0.03551579,-0.10859999999999999,-2.17892,0.010219799999999994,0.0
1695.0,-0.03527139,-0.10840000000000001,-1.90777,0.010165999999999994,0.0
1696.0,-0.03505079,-0.10859999999999999,-0.356446,0.010112199999999995,0.0
1697.0,-0.03485199,-0.10859999999999999,-0.0611257,0.010058499999999998,0.0
1698.0,-0.03496519,-0.10859999999999999,-0.0102551,0.010004699999999998,0.0
1699.0,-0.03466869,-0.1085,-0.00111117,0.009950999999999995,0.0
1700.0,-0.03445489,-0.10790000000000001,0.0,0.009897199999999995,0.0
1701.0,-0.03411749,-0.10759999999999999,0.0,0.009699300000000001,0.0
1702.0,-0.034213690000000005,-0.107,0.0,0.009501299999999997,0.0
1703.0,-0.03382359,-0.1039,0.0,0.009303399999999996,0.0
1704.0,-0.033437789999999995,-0.10129999999999999,0.0,0.0091054,0.0
1705.0,-0.033052189999999995,-0.09849999999999999,0.0,0.008907499999999999,0.0
1706.0,-0.03253109,-0.10060000000000001,0.0,0.008709499999999995,0.0
1707.0,-0.03236459,-0.0977,0.0,0.008511599999999994,0.0
1708.0,-0.03176529,-0.1002,0.0,0.008313599999999997,0.0
1709.0,-0.03108939,-0.10099999999999999,0.0,0.008115699999999997,0.0
1710.0,-0.03033509,-0.10060000000000001,0.0,0.0079177,0.0
1711.0,-0.02949859,-0.09879999999999999,0.0,0.007719799999999999,0.0
1712.0,-0.02900289,-0.0977,-0.391655,0.007521899999999998,0.0
1713.0,-0.02799589,-0.0966,-0.209509,0.007323899999999994,0.0
1714.0,-0.02689889,-0.09380000000000001,-0.0381593,0.007126,0.0
1715.0,-0.02571019,-0.0891,-0.00650231,0.006927999999999997,0.0
1716.0,-0.02436059,-0.08209999999999999,-0.00108903,0.006730099999999996,0.0
1717.0,-0.02298069,-0.07159999999999998,-8.42339e-05,0.006532099999999999,0.0
1718.0,-0.02179229,-0.0818,0.0,0.006334199999999998,0.0
1719.0,-0.02014319,-0.05170000000000001,0.0,0.0061361999999999944,0.0
1720.0,-0.01832439,-0.06169999999999999,-2.01501,0.0059383000000000005,0.0
1721.0,-0.01639929,-0.06130000000000001,-1.34032,0.0057404,0.0
1722.0,-0.01436612,-0.073,-0.256819,0.005542399999999996,0.0
1723.0,-0.012511979999999999,-0.07959999999999999,-0.0442712,0.005344499999999995,0.0
1724.0,-0.01019665,-0.06480000000000001,-0.00743752,0.005146499999999998,0.0
1725.0,-0.007741883,-0.0667,-0.000512677,0.0049485999999999974,0.0
1726.0,-0.00517683,-0.0369,0.0,0.004750600000000001,0.0
1727.0,-0.0026634500000000004,-0.03599999999999999,0.0,0.0045527,0.0
1728.0,-0.00023225999999999976,-0.002599999999999991,0.0,0.004354699999999996,0.0
1729.0,0.0017972000000000005,-0.0508,0.0,0.004156799999999995,0.0
1730.0,0.00404241,0.0039000000000000007,-0.371244,0.003958899999999994,0.0
1731.0,0.0061156100000000005,-0.08,-0.833856,0.0037608999999999976,0.0
1732.0,0.00785651,-0.0576,-0.173609,0.0035629999999999967,0.0
1733.0,0.009366610000000001,-0.077,-0.030493,0.003365,0.0
1734.0,0.01012911,-0.0752,-0.00514744,0.003167099999999999,0.0
1735.0,0.01083711,-0.05239999999999999,-0.000663448,0.0029690999999999954,0.0
1736.0,0.01123031,-0.015699999999999992,0.0,0.0027711999999999945,0.0
1737.0,0.01122521,-0.044700000000000004,0.0,0.0025731999999999977,0.0
1738.0,0.010578810000000001,-0.05270000000000001,0.0,0.002375299999999997,0.0
1739.0,0.010116009999999998,-0.010300000000000004,-0.179536,0.0021773,0.0
1740.0,0.00939881,-0.062499999999999986,-0.305087,0.001979399999999999,0.0
1741.0,0.00860431,-0.004799999999999999,-0.0587965,0.0017814999999999984,0.0
1742.0,0.00736011,-0.05489999999999999,-0.0101592,0.0015834999999999946,0.0
1743.0,0.0064889100000000005,-0.06449999999999999,-0.00170782,0.0013856000000000007,0.0
1744.0,0.0055973099999999994,-0.07429999999999999,-0.000223818,0.001187599999999997,0.0
1745.0,0.0043849100000000005,-0.07379999999999999,0.0,0.0009896999999999961,0.0
1746.0,0.0034857099999999995,-0.07279999999999999,0.0,0.0007916999999999993,0.0
1747.0,0.0027263600000000006,-0.0714,0.0,0.0005937999999999985,0.0
1748.0,0.0016100300000000001,0.0029,0.0,0.00039579999999999477,0.0
1749.0,0.0008975200000000006,0.006400000000000003,0.0,0.00019790000000000085,0.0
1750.0,0.0,0.0,0.0,0.0,0.0
1751.0,-0.0005108700000000001,-0.029799999999999993,0.0,-0.00019800000000000373,0.0
1752.0,-0.00092377,-0.034699999999999995,0.0,-0.0003959000000000046,0.0
1753.0,-0.0015347600000000005,-0.0379,0.0,-0.0005939000000000014,0.0
1754.0,-0.0016916500000000003,-0.053099999999999994,0.0,-0.0007918000000000022,0.0
1755.0,-0.0020216699999999997,-0.05539999999999999,0.0,-0.000989799999999999,0.0
1756.0,-0.00192303,-0.050399999999999986,-0.0909403,-0.0011876999999999999,0.0
1757.0,-0.00196115,-0.028899999999999995,-0.663648,-0.0013857000000000036,0.0
1758.0,-0.0018882600000000001,-0.008999999999999994,-0.151135,-0.0015836000000000044,0.0
1759.0,-0.0012040599999999999,0.0021000000000000046,-0.0269382,-0.0017816000000000012,0.0
1760.0,-0.0007283999999999997,-0.0022999999999999965,-0.004564,-0.001979500000000002,0.0
1761.0,0.0003984899999999996,0.026500000000000003,-0.000681588,-0.002177400000000003,0.0
1762.0,0.0013531299999999993,0.0022999999999999965,-1.93178,-0.0023753999999999997,0.0
1763.0,0.00250854,-0.009999999999999995,-7.0444,-0.0025733000000000006,0.0
1764.0,0.00430671,-0.01419999999999999,-1.55891,-0.0027713000000000043,0.0
1765.0,0.006039909999999999,-0.04059999999999998,-0.277146,-0.002969200000000005,0.0
1766.0,0.00798101,-0.04590000000000001,-0.0469259,-0.003167200000000002,0.0
1767.0,0.010460710000000002,-0.009899999999999992,-0.00666349,-0.003365100000000003,0.0
1768.0,0.01275221,0.0344,0.0,-0.0035630999999999996,0.0
1769.0,0.015189910000000001,0.06670000000000001,0.0,-0.0037610000000000005,0.0
1770.0,0.017750909999999998,0.0671,0.0,-0.003959000000000004,0.0
1771.0,0.02035091,0.0485,0.0,-0.004156900000000005,0.0
1772.0,0.02339321,0.0359,0.0,-0.004354799999999999,0.0
1773.0,0.026078709999999998,-0.0023999999999999994,0.0,-0.004552800000000003,0.0
1774.0,0.028744110000000003,-0.009099999999999997,0.0,-0.0047507000000000035,0.0
1775.0,0.03138161,-0.03309999999999999,0.0,-0.0049487,0.0
1776.0,0.03400681,-0.023499999999999993,0.0,-0.005146600000000001,0.0
1777.0,0.03657381,0.004799999999999999,0.0,-0.005344600000000005,0.0
1778.0,0.03929021,0.045000000000000005,0.0,-0.005542500000000006,0.0
1779.0,0.04198081,0.0551,0.0,-0.0057405000000000025,0.0
1780.0,0.04479401,0.024000000000000007,0.0,-0.005938400000000003,0.0
1781.0,0.04781531,0.043500000000000004,0.0,-0.006136300000000004,0.0
1782.0,0.05113551,-0.0029,0.0,-0.006334300000000001,0.0
1783.0,0.05466301,-0.019199999999999995,0.0,-0.006532200000000002,0.0
1784.0,0.058496009999999994,-0.04229999999999999,0.0,-0.006730200000000006,0.0
1785.0,0.06240800999999999,-0.0319,0.0,-0.0069280999999999995,0.0
1786.0,0.06656011,0.022699999999999998,0.0,-0.007126100000000003,0.0
1787.0,0.07079051,0.0517,0.0,-0.007324000000000004,0.0
1788.0,0.07513311,0.042300000000000004,0.0,-0.007522000000000001,0.0
1789.0,0.07955561,0.038700000000000005,0.0,-0.007719900000000002,0.0
1790.0,0.08402361,0.021400000000000002,0.0,-0.007917900000000005,0.0
1791.0,0.08850870999999999,-0.004900000000000002,0.0,-0.0081158,0.0
1792.0,0.09304151,-0.007400000000000004,0.0,-0.0083137,0.0
1793.0,0.09758950999999999,-0.010999999999999996,0.0,-0.008511700000000004,0.0
1794.0,0.10205950999999999,-0.027399999999999994,0.0,-0.008709600000000005,0.0
1795.0,0.10619350999999999,-0.047899999999999984,-0.20712,-0.008907600000000002,0.0
1796.0,0.11055351,-0.053099999999999994,-0.0895458,-0.009105500000000002,0.0
1797.0,0.11490251000000001,-0.0624,-0.435988,-0.0093035,0.0
1798.0,0.11916051,-0.06679999999999998,-0.285085,-0.0095014,0.0
1799.0,0.12330151,-0.0657,-0.054625,-0.009699400000000004,0.0
1800.0,0.12725050999999998,-0.0586,-0.00941644,-0.009897300000000005,0.0
1801.0,0.13060950999999998,-0.010999999999999996,-0.00158191,-0.010328400000000001,0.0
1802.0,0.13415151,-0.03219999999999999,-0.000109051,-0.010759600000000001,0.0
1803.0,0.13751051,-0.05539999999999999,0.0,-0.011190700000000005,0.0
1804.0,0.14067751,-0.054699999999999985,0.0,-0.011621800000000002,0.0
1805.0,0.14357551,-0.05289999999999999,0.0,-0.012052900000000005,0.0
1806.0,0.14590551,-0.06999999999999999,0.0,-0.012484100000000005,0.0
1807.0,0.14836850999999998,-0.0818,0.0,-0.012915200000000002,0.0
1808.0,0.15059651,-0.08619999999999998,0.0,-0.013346300000000005,0.0
1809.0,0.15258351,-0.0911,0.0,-0.013777500000000005,0.0
1810.0,0.15431551,-0.0926,-4.42922,-0.014208600000000002,0.0
1811.0,0.15549251,-0.0903,-2.6026,-0.014639700000000005,0.0
1812.0,0.15668751,-0.08320000000000001,-0.485314,-0.015070800000000002,0.0
1813.0,0.15766251,-0.0747,-0.0831501,-0.015502000000000002,0.0
1814.0,0.15834351,-0.0705,-0.013947,-0.015933100000000006,0.0
1815.0,0.15872551,-0.06080000000000001,-0.00102296,-0.016364200000000002,0.0
1816.0,0.15849051,-0.044,-8.94887,-0.016795400000000002,0.0
1817.0,0.15853251,-0.04870000000000001,-5.27857,-0.017226500000000006,0.0
1818.0,0.15835950999999998,-0.0571,-0.985201,-0.017657599999999996,0.0
1819.0,0.15815351,-0.059800000000000006,-0.168832,-0.018088800000000002,0.0
1820.0,0.15797450999999998,-0.06949999999999999,-0.0283203,-0.018519900000000006,0.0
1821.0,0.15751651,-0.07329999999999999,-0.00207306,-0.018950999999999996,0.0
1822.0,0.15748851,-0.06910000000000001,0.0,-0.0193821,0.0
1823.0,0.15758550999999998,-0.0682,0.0,-0.019813300000000006,0.0
1824.0,0.15793051,-0.0611,0.0,-0.020244399999999996,0.0
1825.0,0.15851551,-0.04820000000000001,0.0,-0.0206755,0.0
1826.0,0.15939351,-0.03019999999999999,0.0,-0.021106700000000006,0.0
1827.0,0.16059551,-0.010700000000000001,0.0,-0.021537799999999996,0.0
1828.0,0.16202051,0.004600000000000007,0.0,-0.0219689,0.0
1829.0,0.16355651,0.0076999999999999985,0.0,-0.022400000000000003,0.0
1830.0,0.16518850999999998,0.014899999999999997,0.0,-0.022831199999999996,0.0
1831.0,0.16696150999999998,-0.013999999999999999,0.0,-0.0232623,0.0
1832.0,0.16892151,-0.031799999999999995,-1.08747,-0.023693400000000003,0.0
1833.0,0.17098650999999998,-0.0485,-0.723349,-0.024124599999999996,0.0
1834.0,0.17315751,-0.04229999999999999,-0.138601,-0.0245557,0.0
1835.0,0.17555451,0.0034000000000000002,-0.0238924,-0.024986800000000003,0.0
1836.0,0.17817750999999998,0.0702,-3.86108,-0.025417900000000007,0.0
1837.0,0.18114251,0.083,-1.24948,-0.0258491,0.0
1838.0,0.18449351,0.045700000000000005,-0.226455,-0.026280200000000004,0.0
1839.0,0.18815051,0.0313,-0.038529,-0.026711300000000007,0.0
1840.0,0.19226351,0.010900000000000007,-0.00645077,-0.0271425,0.0
1841.0,0.19685650999999998,-0.015600000000000003,0.0,-0.027573600000000004,0.0
1842.0,0.20213851,-0.025300000000000003,0.0,-0.028004700000000007,0.0
1843.0,0.20727851,-0.03760000000000001,0.0,-0.028435799999999997,0.0
1844.0,0.21247551,-0.03219999999999999,0.0,-0.028867000000000004,0.0
1845.0,0.21734151,-0.009800000000000003,0.0,-0.029298100000000007,0.0
1846.0,0.22225551,0.007400000000000004,0.0,-0.029729199999999997,0.0
1847.0,0.22642251,0.025099999999999997,0.0,-0.030160400000000004,0.0
1848.0,0.22998950999999998,0.059500000000000004,0.0,-0.030591500000000008,0.0
1849.0,0.23299851,0.05790000000000001,0.0,-0.031022599999999997,0.0
1850.0,0.23639651,0.023000000000000007,0.0,-0.031453800000000004,0.0
1851.0,0.23834151,0.0238,0.0,-0.03188490000000001,0.0
1852.0,0.23973751,0.009900000000000006,0.0,-0.032316,0.0
1853.0,0.24055051,-0.009399999999999992,0.0,-0.0327471,0.0
1854.0,0.24087451,-0.031,0.0,-0.03317830000000001,0.0
1855.0,0.24111051,-0.044700000000000004,0.0,-0.0336094,0.0
1856.0,0.24134651,-0.04429999999999999,0.0,-0.0340405,0.0
1857.0,0.24173651,-0.025099999999999997,0.0,-0.03447170000000001,0.0
1858.0,0.24245450999999998,0.008599999999999997,0.0,-0.0349028,0.0
1859.0,0.24336850999999998,0.046700000000000005,0.0,-0.0353339,0.0
1860.0,0.24458751,0.05840000000000001,0.0,-0.035765000000000005,0.0
1861.0,0.24987451,0.039200000000000006,0.0,-0.0361962,0.0
1862.0,0.25269451,0.012900000000000009,-0.0126892,-0.0366273,0.0
1863.0,0.25612751,-0.0016999999999999932,-0.530414,-0.037058400000000005,0.0
1864.0,0.25894451,-0.012700000000000003,-0.132911,-0.0374896,0.0
1865.0,0.26237351,-0.028499999999999998,-0.0234301,-0.0379207,0.0
1866.0,0.26580151,-0.03960000000000001,-0.00395915,-0.038351800000000005,0.0
1867.0,0.26861451,-0.048799999999999996,-0.000639693,-0.03878290000000001,0.0
1868.0,0.27388250999999997,-0.0208,0.0,-0.0392141,0.0
1869.0,0.27669151,0.020500000000000004,0.0,-0.039645200000000005,0.0
1870.0,0.28195351,0.06230000000000001,0.0,-0.04007630000000001,0.0
1871.0,0.28685651,0.051800000000000006,0.0,-0.0405075,0.0
1872.0,0.28966051,0.0436,0.0,-0.040938600000000006,0.0
1873.0,0.29491251,0.008500000000000008,0.0,-0.04136970000000001,0.0
1874.0,0.29955150999999997,-0.013999999999999999,0.0,-0.0418008,0.0
1875.0,0.30479551,-0.039999999999999994,0.0,-0.042232000000000006,0.0
1876.0,0.30784551,-0.048799999999999996,0.0,-0.042663099999999995,0.0
1877.0,0.31247651,-0.048799999999999996,0.0,-0.0430942,0.0
1878.0,0.32503751,-0.0538,0.0,-0.043525400000000006,0.0
1879.0,0.33697051,-0.049899999999999986,0.0,-0.043956499999999996,0.0
1880.0,0.35130651,-0.0242,0.0,-0.0443876,0.0
1881.0,0.36379251,0.0011000000000000038,0.0,-0.0448187,-0.0013999999999999998
1882.0,0.37625451,0.005100000000000007,0.0,-0.045249899999999996,-0.002899999999999999
1883.0,0.38688051,0.013400000000000009,0.0,-0.045681,-0.0043
1884.0,0.39568051,-0.003799999999999998,-1.62912,-0.0461121,-0.005799999999999998
1885.0,0.40386851,-0.022999999999999993,-1.21188,-0.046543299999999996,-0.007199999999999998
1886.0,0.41445051,-0.05189999999999999,-0.229026,-0.0469744,-0.008700000000000003
1887.0,0.41961051,-0.05949999999999998,-0.134366,-0.0474055,-0.010100000000000001
1888.0,0.42261150999999997,-0.0657,-0.176293,-0.047836699999999996,-0.0115
1889.0,0.42596351,-0.0707,-0.0339752,-0.0482678,-0.012999999999999998
1890.0,0.43111351,-0.0646,-0.00587058,-0.0486989,-0.014399999999999996
1891.0,0.43626051,-0.020599999999999993,-0.000986736,-0.04913000000000001,-0.015899999999999997
1892.0,0.44199851,-0.0034000000000000002,-0.000129254,-0.0495612,-0.017300000000000003
1893.0,0.44174351,0.0213,0.0,-0.0499923,-0.018800000000000004
1894.0,0.44473050999999997,0.038000000000000006,0.0,-0.05042340000000001,-0.020200000000000003
1895.0,0.44627151,0.017600000000000005,0.0,-0.0508546,-0.021699999999999997
1896.0,0.44984751,-0.013999999999999999,0.0,-0.051285700000000004,-0.023100000000000002
1897.0,0.45138451,-0.03949999999999999,0.0,-0.05171680000000001,-0.024600000000000004
1898.0,0.45292051,-0.0435,0.0,-0.0521479,-0.025999999999999995
1899.0,0.46187551,-0.052500000000000005,0.0,-0.052579100000000004,-0.0274
1900.0,0.47058151,-0.05789999999999999,0.0,-0.05301020000000001,-0.028899999999999995
1901.0,0.48224251,-0.07159999999999998,0.0,-0.0542469,-0.0319
1902.0,0.49209651,-0.07010000000000001,0.0,-0.0554838,-0.03509999999999999
1903.0,0.50193551,-0.033299999999999996,-0.0843392,-0.0567208,-0.038099999999999995
1904.0,0.51412351,0.013999999999999999,-0.435462,-0.0579568,-0.0411
1905.0,0.52570751,-0.019099999999999992,-0.0891004,-0.059193800000000005,-0.04429999999999999
1906.0,0.53607551,0.015300000000000008,-0.0155356,-0.06043080000000001,-0.047299999999999995
1907.0,0.54584651,-0.0049999999999999906,-0.00261757,-0.06166680000000001,-0.0505
1908.0,0.55830351,0.006400000000000003,-0.000388074,-0.0629038,-0.05350000000000002
1909.0,0.56861751,-0.012999999999999998,0.0,-0.0641408,-0.056499999999999995
1910.0,0.57926551,-0.0363,0.0,-0.0653778,-0.05970000000000002
1911.0,0.59073451,-0.05089999999999999,0.0,-0.0666138,-0.06269999999999999
1912.0,0.60134651,-0.05900000000000001,-0.533792,-0.0678508,-0.06580000000000001
1913.0,0.61018251,-0.0561,-0.602172,-0.0690878,-0.06890000000000002
1914.0,0.61570551,-0.04440000000000001,-0.119659,-0.0703248,-0.07189999999999999
1915.0,0.62275951,0.008900000000000005,-0.0207999,-0.07156080000000001,-0.07500000000000001
1916.0,0.63387951,0.0456,-0.00350186,-0.0727978,-0.07809999999999999
1917.0,0.64441551,0.0717,-0.000357551,-0.0740348,-0.08120000000000001
1918.0,0.65584751,0.065,0.0,-0.0752708,-0.08430000000000001
1919.0,0.66340951,0.024800000000000003,0.0,-0.0765078,-0.08729999999999999
1920.0,0.67445451,-0.003599999999999992,0.0,-0.0777448,-0.09040000000000001
1921.0,0.68352851,-0.021999999999999992,0.0,-0.0789818,-0.09349999999999999
1922.0,0.6945365099999999,-0.042599999999999985,0.0,-0.08021779999999999,-0.0966
1923.0,0.70552551,-0.037099999999999994,0.0,-0.08145480000000001,-0.09960000000000001
1924.0,0.71649351,-0.0315,0.0,-0.0826918,-0.10269999999999999
1925.0,0.72744251,0.004200000000000009,0.0,-0.08392780000000001,-0.1058
1926.0,0.74010551,0.021900000000000003,-0.514178,-0.0851648,-0.1099
1927.0,0.75136351,0.054000000000000006,-0.211051,-0.08640180000000001,-0.11389999999999999
1928.0,0.76190251,0.032600000000000004,-0.0391987,-0.0876388,-0.11800000000000001
1929.0,0.77449751,0.025400000000000006,-0.00670879,-0.08887479999999999,-0.122
1930.0,0.78480551,0.0223,-0.00112498,-0.0901118,-0.1261
1931.0,0.79700751,0.000899999999999998,-2.95053e-05,-0.0913488,-0.13020000000000004
1932.0,0.80556051,-0.017799999999999996,0.0,-0.09258580000000001,-0.13429999999999997
1933.0,0.81978851,-0.03899999999999999,0.0,-0.0938218,-0.1384
1934.0,0.83002451,-0.0194,0.0,-0.09505880000000001,-0.1424
1935.0,0.84024551,0.018500000000000003,0.0,-0.0962958,-0.14650000000000002
1936.0,0.85045151,0.0866,0.0,-0.09753180000000002,-0.15059999999999998
1937.0,0.86234751,0.0751,0.0,-0.0987688,-0.1546
1938.0,0.87217151,0.0638,0.0,-0.10000579999999999,-0.1587
1939.0,0.88062651,0.061,0.0,-0.10124280000000001,-0.16269999999999998
1940.0,0.88361651,0.05,0.0,-0.1024788,-0.16689999999999997
1941.0,0.88236451,0.0362,0.0,-0.10371580000000001,-0.17099999999999999
1942.0,0.88057351,0.018100000000000005,0.0,-0.1049528,-0.17500000000000002
1943.0,0.88047851,-0.009499999999999995,0.0,-0.10618980000000001,-0.17910000000000004
1944.0,0.87866651,-0.004299999999999998,0.0,-0.1074258,-0.18309999999999998
1945.0,0.88284051,0.0425,0.0,-0.10866279999999999,-0.1872
1946.0,0.88784551,0.0596,0.0,-0.1098998,-0.19130000000000003
1947.0,0.89422851,0.1015,0.0,-0.11113579999999999,-0.19529999999999997
1948.0,0.89973551,0.12440000000000001,0.0,-0.11237280000000001,-0.19949999999999998
1949.0,0.91121151,0.108,0.0,-0.1136098,-0.2035
1950.0,0.92231951,0.0656,0.0,-0.11484680000000001,-0.2076
1951.0,0.93561951,0.0242,0.0,-0.1160828,-0.21760000000000002
1952.0,0.94719351,0.02260000000000001,0.0,-0.11731980000000002,-0.2275
1953.0,0.96010551,-0.0016999999999999932,0.0,-0.1185568,-0.2376
1954.0,0.97552051,0.0032000000000000084,0.0,-0.11979279999999999,-0.24760000000000001
1955.0,0.98971151,0.024300000000000002,0.0,-0.1210298,-0.2575
1956.0,1.00420851,0.1177,0.0,-0.1222668,-0.2676
1957.0,1.02051851,0.1802,0.0,-0.12350380000000001,-0.2776
1958.0,1.03509851,0.174,0.0,-0.1247398,-0.2876
1959.0,1.05668851,0.1303,0.0,-0.1259768,-0.2976
1960.0,1.0786985100000002,0.11170000000000001,0.0,-0.1272138,-0.3076
1961.0,1.0956485100000002,0.049300000000000004,0.0,-0.12845079999999998,-0.31699999999999995
1962.0,1.1143485100000001,0.019299999999999998,0.0,-0.1296868,-0.32639999999999997
1963.0,1.1333285100000001,0.0102,0.0,-0.13092379999999998,-0.3357
1964.0,1.14928851,0.010400000000000006,-1.87382,-0.13216080000000002,-0.34509999999999996
1965.0,1.1673285100000002,0.01680000000000001,-0.705298,-0.13339679999999998,-0.3544999999999999
1966.0,1.1985185100000002,0.048900000000000006,-0.127858,-0.13463380000000003,-0.3639
1967.0,1.2180685100000002,0.0833,-0.0217567,-0.1358708,-0.37329999999999997
1968.0,1.2380285100000001,0.0921,-0.00364262,-0.1371078,-0.38259999999999994
1969.0,1.26644851,0.1066,-0.000103194,-0.13834380000000002,-0.39199999999999996
1970.0,1.29684851,0.1058,0.0,-0.1395808,-0.4014
1971.0,1.3201585100000002,0.056,0.0,-0.1408178,-0.41540000000000005
1972.0,1.3470985100000001,0.07250000000000001,0.0,-0.14205479999999998,-0.4292
1973.0,1.38714851,0.0281,0.0,-0.1432908,-0.4432
1974.0,1.4093585100000001,0.0155,0.0,-0.14452779999999998,-0.45720000000000005
1975.0,1.4378985100000001,-0.018199999999999994,0.0,-0.14576480000000003,-0.4711
1976.0,1.4551585100000002,0.0012000000000000066,0.0,-0.1470008,-0.485
1977.0,1.4937285100000002,0.034100000000000005,-0.386459,-0.14823779999999998,-0.49900000000000005
1978.0,1.53028851,0.1114,-0.134132,-0.14947480000000002,-0.5129
1979.0,1.5672485100000002,0.1744,-0.0246518,-0.1507118,-0.5267999999999999
1980.0,1.60555851,0.17670000000000002,-0.00420822,-0.15194780000000002,-0.5408000000000001
1981.0,1.6395685100000001,0.1849,-0.000705174,-0.1531848,-0.5478000000000001
1982.0,1.66988851,0.1133,0.0,-0.1544218,-0.5548
1983.0,1.6945185100000002,0.09820000000000001,0.0,-0.1556578,-0.5618000000000001
1984.0,1.73129851,0.030100000000000002,0.0,-0.1568948,-0.5689
1985.0,1.76126851,0.0006000000000000033,0.0,-0.1581318,-0.5757999999999999
1986.0,1.79227851,-0.00010000000000000286,0.0,-0.15936879999999998,-0.5828
1987.0,1.82410851,0.026500000000000003,0.0,-0.1606048,-0.5899
1988.0,1.8713985100000001,0.07780000000000001,0.0,-0.16184179999999998,-0.5969
1989.0,1.90615851,0.17670000000000002,0.0,-0.16307880000000002,-0.6039000000000001
1990.0,1.9299385100000002,0.16010000000000002,0.0,-0.1643158,-0.6109
1991.0,1.95845851,0.1413,0.0,-0.16555180000000003,-0.6251
1992.0,1.97339851,0.1162,-2.48151,-0.16678880000000001,-0.6381000000000001
1993.0,1.98688851,0.0683,-1.4524,-0.16678880000000001,-0.6513
1994.0,2.0122685099999997,0.027800000000000005,-0.270582,-0.16678880000000001,-0.6638000000000002
1995.0,2.04946851,0.010700000000000001,-0.0463497,-0.16678880000000001,-0.6757000000000001
1996.0,2.08014851,-0.004599999999999993,-0.00777391,-0.16678880000000001,-0.6896
1997.0,2.0971985099999997,0.017799999999999996,-0.0005713,-0.16678880000000001,-0.7037
1998.0,2.14433851,0.08120000000000001,0.0,-0.16678880000000001,-0.7168999999999999
1999.0,2.1809285099999998,0.1307,0.0,-0.16678880000000001,-0.7294
2000.0,2.20155851,0.1829,0.0,-0.16678880000000001,-0.7427999999999999
